Avg. Area Income,Avg. Area House Age,Avg. Area Number of Rooms,Avg. Area Number of Bedrooms,Area Population,Price,Address
97429.9,4.69,7.79,3.76,35772.42,4382322.21,East Lucas
75277.01,5.82,5.39,4.97,39268.32,4124859.88,East Lucas
78259.23,6.54,7.58,3.6,30076.5,4244434.6,East Lucas
73952.27,6.23,5.79,2.6,27049.09,3980398.25,Lake Christinaport
75521.96,5.18,7.06,3.84,30838.95,4048170.92,Lake Kathleen
65180.03,6.66,7.12,3.63,37070.81,4199076.45,North Jasonville
59545.04,5.34,7.4,5.62,34167.72,3740924.02,Lake Kathleen
75040.77,5.23,8.0,4.77,37931.28,4351469.21,North Jasonville
47075.38,6.04,6.96,4.5,31899.33,3567658.59,South Anthony
76470.48,6.92,5.81,2.7,34194.83,4166508.89,New Deniseton
74218.57,6.3,6.52,5.55,27710.54,3947619.4,East Lucas
62306.02,6.9,7.4,7.0,31103.8,4161886.58,East Lucas
70593.93,6.45,6.17,4.18,38522.64,3975058.54,Lake Christinaport
60495.7,3.99,8.88,5.61,10885.82,3482895.12,North Jasonville
58637.49,5.65,8.29,5.2,32124.83,3920658.26,Rebeccaville
78761.04,5.02,6.76,4.49,29908.39,3986777.71,New Deniseton
70616.3,5.36,7.44,5.56,26319.86,3948651.84,Lake Kathleen
89670.62,6.48,6.71,3.7,52261.24,4956876.1,North Jasonville
96354.79,5.58,8.93,5.14,33955.46,5056044.87,New Deniseton
75867.15,6.59,5.07,5.93,44697.46,4199569.56,South Anthony
71808.51,4.69,8.03,3.65,50541.14,4251290.64,New Deniseton
86633.01,5.22,5.71,5.71,40261.49,4306044.21,Port Adamtown
50401.24,6.02,7.16,5.17,37724.37,3759215.91,North Jasonville
56230.26,5.61,8.11,5.52,41204.83,3967112.17,Port Adamtown
67146.0,6.2,6.5,2.0,37051.32,3958726.66,New Deniseton
72744.86,7.36,6.21,4.95,49536.76,4511173.25,New Deniseton
70361.7,5.43,6.26,2.67,32166.26,4018758.76,Port Adamtown
70549.24,4.23,7.01,4.59,30915.85,3810061.97,Jenniferstad
77190.72,5.39,6.91,6.57,28198.79,4154251.2,East Lucas
69360.53,6.92,5.79,5.44,49475.46,4300266.56,Jenniferstad
75390.55,8.14,5.54,2.94,59948.54,4553621.9,Rebeccaville
72096.04,5.56,6.39,4.83,33454.49,3955249.87,New Deniseton
63285.36,6.99,6.43,5.26,42195.22,4282340.61,Lake Kathleen
60546.88,6.23,6.89,2.95,49077.1,4071751.77,Rebeccaville
58529.12,6.42,7.26,5.52,46082.69,4074742.89,Lake Christinaport
73749.0,5.73,6.22,4.36,25128.46,4050376.06,New Michelleville
67338.55,5.57,8.75,2.85,46595.4,4354117.53,Lake Kathleen
88850.0,7.08,9.26,4.1,21008.75,4670771.96,Rebeccaville
71120.72,5.77,7.71,5.36,43615.92,4270231.74,New Deniseton
89861.32,5.93,7.32,4.2,35518.07,4673816.27,Port Adamtown
57997.79,5.75,5.91,4.34,26274.93,3732151.6,East Lucas
70680.29,7.34,7.48,4.59,36902.12,4500078.99,Jenniferstad
56469.78,5.39,6.72,4.23,24115.61,3598566.81,North Jasonville
68586.91,6.52,7.37,5.25,28700.52,4066582.23,Jenniferstad
79516.91,6.06,6.17,3.22,51743.91,4520638.21,South Anthony
66914.14,5.93,6.78,4.4,19847.43,3813941.27,North Jasonville
68246.46,7.47,6.2,4.63,28173.43,4048725.2,North Jasonville
75508.19,7.01,6.26,3.71,29191.99,4104144.81,Jenniferstad
91547.2,4.98,5.82,4.26,31884.06,4278868.75,New Deniseton
62079.47,6.35,7.38,3.94,53734.86,4326934.0,East Lucas
60533.5,4.44,7.71,5.18,24844.84,3535544.13,Lake Christinaport
64891.22,6.72,5.28,3.95,38397.82,4122812.14,New Michelleville
70149.86,5.26,4.79,3.92,36024.17,3746574.85,Lake Kathleen
63473.52,5.13,7.63,2.8,56574.71,4096671.3,South Anthony
74537.81,5.94,7.49,3.05,44143.1,4391979.07,Port Adamtown
79504.4,5.21,8.28,4.48,43738.48,4577784.28,Jenniferstad
58715.96,4.76,5.84,2.19,54502.62,3822737.03,New Michelleville
88435.54,6.09,8.51,4.51,33970.97,4713843.36,Lake Kathleen
56499.91,4.23,10.2,2.0,29245.12,3877339.61,New Deniseton
75088.86,5.62,6.53,2.41,35614.58,4016988.18,New Michelleville
72696.93,5.47,4.37,3.88,47051.5,4064010.32,North Jasonville
90792.39,5.68,5.49,4.64,37918.12,4331588.9,New Michelleville
64570.44,7.14,8.04,5.83,46789.3,4470239.17,North Jasonville
71037.69,4.84,8.18,3.88,53726.0,4465650.21,Lake Kathleen
75842.65,6.97,6.21,6.02,37295.91,4321138.48,Rebeccaville
79614.33,6.23,5.12,3.62,46300.3,4212501.99,South Anthony
68250.92,5.59,4.72,3.8,41713.46,3675588.28,North Jasonville
89256.86,5.97,5.63,4.66,41176.17,4505777.96,Port Adamtown
57870.72,7.68,6.71,4.66,40978.38,4351881.52,Rebeccaville
60677.75,6.6,6.59,4.36,40737.05,4112493.24,South Anthony
70577.19,4.63,5.53,3.97,27686.97,3368850.42,New Michelleville
60773.07,7.64,6.33,3.19,45336.62,4183965.03,Jenniferstad
53845.22,4.38,6.61,4.0,36152.34,3495351.88,North Jasonville
84381.95,7.43,5.92,6.81,54550.13,4961074.48,Lake Christinaport
78829.26,6.14,4.56,4.39,23821.13,3774427.28,Port Adamtown
45764.1,6.91,6.99,6.2,33551.52,3559737.41,Lake Kathleen
79160.86,6.19,5.33,5.15,46948.84,4363724.12,Lake Christinaport
81288.71,4.48,7.48,6.61,44960.92,4307414.38,Rebeccaville
57427.47,6.72,7.98,2.98,17608.27,3731325.72,Lake Christinaport
82359.99,5.77,6.82,5.52,31228.54,4207397.33,Jenniferstad
52943.7,5.88,7.7,5.0,42140.38,3694698.56,North Jasonville
63317.43,7.01,8.26,2.0,23675.56,4046255.37,Rebeccaville
66850.87,7.67,7.86,4.92,19353.35,4085763.53,East Lucas
73760.26,5.56,6.37,3.22,28736.29,3994761.62,North Jasonville
72765.75,4.56,7.58,3.37,54514.84,4276134.94,Lake Christinaport
70943.43,6.07,6.84,3.69,27121.18,3926255.31,Port Adamtown
59469.18,3.93,6.92,2.36,48534.14,3646249.86,South Anthony
85015.99,5.4,6.63,4.3,38567.14,4334132.3,Lake Kathleen
75683.97,7.12,6.75,4.37,32923.84,4467272.0,New Deniseton
62847.03,6.46,7.64,4.89,31192.24,3869479.12,Lake Christinaport
62523.63,6.73,5.01,2.0,32605.39,3710411.55,Lake Kathleen
83581.0,7.23,6.9,2.0,54774.54,4959530.04,East Lucas
75422.72,7.31,6.2,4.32,46332.98,4455468.17,Port Adamtown
58937.35,6.2,7.13,3.15,39147.07,4037168.28,New Michelleville
64414.44,6.84,6.35,4.37,49001.81,4302080.73,Jenniferstad
79541.52,6.02,8.48,2.15,30585.61,4429785.37,New Deniseton
47560.95,5.79,8.11,4.2,17281.42,3545663.41,Lake Kathleen
59344.61,6.47,8.02,3.45,38818.3,3988711.67,Port Adamtown
76264.43,5.46,7.14,3.45,45011.57,4249624.97,Rebeccaville
55548.61,5.55,7.24,6.1,14983.16,3340907.62,Jenniferstad
85706.45,6.8,7.42,4.62,48068.38,4881518.24,Jenniferstad
56692.88,7.5,8.47,2.0,44292.43,4440771.41,East Lucas
53819.02,5.64,7.96,2.65,52001.97,4014650.46,New Deniseton
54412.81,7.16,6.46,2.64,31090.34,3761242.07,Port Adamtown
69024.84,7.28,8.39,3.98,51461.71,4561297.05,Jenniferstad
64202.38,7.03,9.27,3.88,35137.06,4335067.76,Lake Christinaport
60362.95,6.34,5.79,3.62,55319.1,3889295.8,Jenniferstad
69760.36,5.06,7.79,2.0,32518.43,4074795.7,New Deniseton
60007.83,7.82,5.58,3.96,35030.83,4096567.6,Jenniferstad
71285.06,5.57,6.63,4.67,14815.7,3671411.1,East Lucas
75500.97,6.4,6.74,4.67,35645.59,4365721.7,New Deniseton
72408.23,4.29,6.7,5.96,36148.72,3817331.19,Jenniferstad
57068.42,5.58,7.4,4.44,38967.06,3863695.89,South Anthony
78199.85,4.98,6.67,4.11,39259.0,4004173.95,Lake Kathleen
70307.1,5.06,6.73,3.19,22677.94,3673257.69,Rebeccaville
77460.59,6.74,5.73,4.49,34115.99,4148521.6,South Anthony
78981.24,6.17,5.97,3.81,41472.65,4229629.2,North Jasonville
64445.54,6.83,7.04,4.06,45956.07,4238292.25,New Michelleville
76930.8,5.94,7.32,6.27,17262.42,3920106.39,East Lucas
61027.68,4.24,6.8,4.54,36683.7,3621377.27,Jenniferstad
74837.03,4.7,5.45,5.28,25504.34,3512038.93,New Michelleville
51304.3,5.47,8.07,2.16,41999.05,3695384.63,South Anthony
75803.49,5.12,7.14,2.58,42816.27,4402690.48,Jenniferstad
68861.21,6.48,6.73,3.26,28921.01,4008951.28,North Jasonville
50697.53,3.91,7.89,2.79,30927.0,3135420.05,South Anthony
72142.15,4.86,6.93,3.14,26707.54,3910117.85,South Anthony
62908.46,6.42,6.84,2.0,42510.6,4089902.72,New Deniseton
91151.62,7.1,7.43,2.54,44395.39,4847432.88,Port Adamtown
70688.01,7.28,8.54,5.27,37196.41,4456907.28,South Anthony
93125.94,5.09,6.87,3.23,34002.14,4342806.58,Rebeccaville
76352.21,6.26,8.73,2.55,54281.65,4739053.14,Port Adamtown
59385.04,5.42,7.97,6.56,44025.22,3919498.52,South Anthony
71840.12,6.16,5.99,3.13,42382.79,3984032.56,New Deniseton
71174.54,6.95,7.43,4.11,36490.11,4369858.35,Rebeccaville
77792.41,5.67,5.99,3.61,43386.66,4195176.36,Rebeccaville
51948.15,6.31,7.08,3.17,22034.58,3326057.36,Lake Christinaport
65898.53,8.12,6.78,4.96,37457.26,4375572.7,East Lucas
62421.97,6.58,6.18,2.92,30718.66,3954277.27,New Deniseton
71108.66,6.01,8.28,4.19,46132.42,4348423.66,North Jasonville
70722.72,6.63,7.18,2.0,27442.42,4126756.13,New Deniseton
72076.84,6.83,7.9,5.51,40804.89,4535071.41,Lake Kathleen
75770.99,3.61,7.17,3.06,19992.14,3687964.81,New Deniseton
66728.08,5.6,6.71,3.67,29858.98,3693743.39,New Michelleville
76896.95,7.57,6.8,4.38,38517.65,4337953.53,New Michelleville
64498.62,5.26,6.16,2.27,24296.66,3646355.48,New Deniseton
64220.89,6.13,8.37,5.74,47024.82,4288815.99,New Michelleville
72244.1,4.42,7.82,2.46,41313.05,4073893.41,New Deniseton
70674.71,4.75,5.39,3.82,40142.09,3771954.77,Lake Kathleen
58109.56,5.03,6.97,2.39,32163.95,3507349.85,Lake Christinaport
92364.68,6.28,5.84,4.03,38905.21,4550693.64,Port Adamtown
58230.87,5.74,6.13,2.93,13796.97,3319653.92,Lake Kathleen
52359.5,5.74,6.87,3.25,46214.56,3807390.28,Rebeccaville
80664.87,5.79,7.0,2.0,34670.43,4171285.31,New Michelleville
74211.89,5.43,6.67,3.34,40217.46,4067119.58,New Deniseton
72776.11,5.92,7.38,3.79,51957.36,4325098.27,New Michelleville
61863.69,6.51,7.23,3.51,29353.03,3836587.62,Lake Christinaport
53681.43,6.89,7.43,6.41,42264.46,4107746.27,Rebeccaville
66245.81,4.95,6.83,4.03,51362.07,4279313.72,New Deniseton
68096.23,7.22,6.66,5.1,25731.61,4043193.89,East Lucas
68715.37,5.1,7.21,4.94,34757.28,3943122.18,East Lucas
69580.79,6.1,8.53,2.82,21211.23,4231963.33,East Lucas
81806.34,4.55,8.06,2.95,53513.22,4412969.88,Lake Christinaport
56884.89,5.44,6.28,4.48,38811.1,3468442.82,East Lucas
48249.35,3.41,8.0,2.04,34707.98,3202979.07,Lake Kathleen
64532.24,4.87,7.01,4.87,46599.08,4083133.72,Jenniferstad
50827.81,4.78,5.11,5.11,37630.11,3269760.87,New Deniseton
39414.85,6.75,7.17,4.38,34595.53,3640602.64,East Lucas
84808.94,5.86,7.29,5.12,34461.02,4169424.2,Port Adamtown
70480.04,7.22,5.79,5.06,38221.56,4197784.54,South Anthony
61903.13,5.36,7.34,4.61,37839.63,3915295.54,Lake Kathleen
64415.16,5.05,9.4,4.93,42969.14,4216677.7,New Deniseton
87163.23,6.95,8.79,4.54,22575.11,4769778.89,North Jasonville
80625.6,6.15,6.98,4.16,42094.5,4435131.57,North Jasonville
78150.82,6.97,6.81,4.6,24462.61,4177038.71,South Anthony
72109.03,5.56,7.99,4.53,49393.23,4391987.98,New Deniseton
57254.09,6.08,8.03,4.17,33936.19,3982630.9,Jenniferstad
67246.82,6.47,6.34,2.55,26415.61,3887018.74,Lake Christinaport
58505.87,6.51,7.82,7.0,44433.88,4119917.65,North Jasonville
90211.85,6.57,7.67,5.08,50668.09,4884369.39,Rebeccaville
57431.96,4.82,5.8,4.42,44097.08,3636554.58,New Michelleville
54659.82,6.68,7.01,3.85,45081.05,4089879.69,New Deniseton
51180.93,8.11,7.57,3.0,35943.45,4138636.02,Rebeccaville
77131.29,6.52,7.76,2.4,31739.82,4328226.41,Port Adamtown
50812.06,6.99,7.89,6.26,28724.08,3829966.63,Rebeccaville
75071.59,6.32,7.45,2.64,40213.44,4542765.06,New Deniseton
71635.94,4.18,6.56,3.76,38601.35,3741601.49,Port Adamtown
66389.87,5.78,7.54,4.61,44165.22,4195716.36,New Deniseton
95161.45,5.74,6.5,5.37,40939.55,4637305.78,New Michelleville
62750.85,6.11,8.14,3.8,24896.16,3843662.22,South Anthony
73876.62,5.33,7.3,4.79,33110.08,4299746.74,New Deniseton
55415.06,4.48,6.87,6.75,45058.9,3615360.75,North Jasonville
60074.15,5.71,6.35,4.74,41843.51,3694565.92,New Michelleville
76619.67,5.46,5.85,3.36,35733.53,4027402.53,New Deniseton
60355.36,6.72,8.7,6.74,36934.94,4147374.53,New Michelleville
68216.06,6.88,9.21,4.53,36308.89,4382861.52,Lake Christinaport
75919.37,6.15,7.65,4.23,41464.2,4440756.85,New Michelleville
69451.79,8.02,7.2,2.82,48684.73,4503608.43,South Anthony
64158.31,5.8,6.05,3.48,47952.61,3858089.33,East Lucas
69154.87,5.45,5.83,3.98,47323.59,3824791.51,South Anthony
46042.24,8.07,7.34,3.52,28189.36,4065593.26,Jenniferstad
65604.26,6.42,7.56,3.52,45375.94,4185042.53,South Anthony
79908.3,5.44,7.46,3.75,38256.98,4388984.33,New Deniseton
87254.22,5.88,6.76,5.05,23436.88,4238036.2,New Michelleville
75995.44,5.77,7.06,5.8,41581.67,4295345.13,New Michelleville
70220.56,5.05,6.61,3.8,37390.13,3804501.71,South Anthony
70369.52,7.72,7.05,4.39,23311.05,4146907.06,New Michelleville
60420.48,5.78,6.53,2.0,21790.22,3552491.87,Lake Kathleen
78838.22,6.88,7.6,2.0,13298.12,4408025.79,South Anthony
78204.42,5.23,6.35,3.88,30261.15,4074598.65,Rebeccaville
62850.5,6.59,7.45,3.05,36923.81,4141039.05,North Jasonville
52068.16,7.34,4.99,4.36,37092.77,3657526.11,Jenniferstad
73221.49,6.31,6.82,4.0,29184.17,4113808.9,New Michelleville
82009.79,7.27,6.24,4.66,30514.51,4554653.22,Lake Christinaport
63809.75,6.15,6.34,4.54,62897.94,4240499.72,Rebeccaville
71419.97,6.6,7.57,5.54,54560.7,4486912.94,South Anthony
72979.87,5.88,5.93,5.38,40811.49,4149199.36,North Jasonville
79120.35,6.09,7.76,3.21,1727.12,3963819.1,Jenniferstad
74058.92,5.8,7.24,4.22,33709.47,4061484.24,New Deniseton
58691.12,5.75,5.65,4.19,27326.14,3409397.77,East Lucas
77608.45,6.7,6.15,2.0,29560.6,4207947.78,New Michelleville
65402.57,6.43,7.07,3.83,54333.04,4258879.41,Jenniferstad
68893.56,6.84,7.49,3.71,39264.72,4354690.46,New Michelleville
78057.4,6.37,8.13,5.17,21605.22,4199395.02,Jenniferstad
48982.0,7.49,6.66,2.28,34057.5,3936709.97,New Michelleville
77786.34,6.4,5.77,4.29,44406.87,4519986.4,South Anthony
57109.77,5.64,7.99,5.39,43875.37,3845764.28,New Michelleville
62397.86,5.82,7.22,2.83,39436.68,3895650.19,Jenniferstad
81467.6,5.25,5.86,4.2,39259.26,4030983.94,New Deniseton
81389.99,5.13,8.06,5.77,29637.97,4221792.77,Port Adamtown
59839.32,7.47,6.78,4.07,45307.23,4371283.98,Lake Kathleen
57610.8,7.21,8.64,3.11,37117.12,4093556.34,New Deniseton
52332.61,7.07,6.67,3.44,53828.96,4183647.28,Lake Christinaport
59472.76,4.19,5.54,3.54,42827.12,3498525.82,Lake Christinaport
85664.21,5.76,6.5,4.24,34120.13,4359318.33,Lake Kathleen
70559.65,5.84,6.55,3.23,31228.21,3951006.94,East Lucas
57989.75,6.64,5.12,4.25,44341.81,3954870.67,New Deniseton
67177.28,5.36,8.37,4.48,33296.4,4231613.16,Lake Christinaport
54354.93,6.92,7.82,4.62,37033.87,4111031.58,Lake Christinaport
67631.35,5.29,6.69,2.68,27391.8,3832057.55,East Lucas
76027.62,7.55,6.86,4.24,46684.97,4696545.33,East Lucas
53565.95,8.54,5.16,2.14,19877.38,3729332.09,Rebeccaville
77864.26,5.14,7.27,4.36,31332.73,4109802.11,New Michelleville
85483.0,5.53,7.25,6.8,14633.07,3984178.71,Lake Kathleen
78490.36,6.32,6.43,3.26,61096.88,4629154.65,North Jasonville
62712.31,6.35,7.69,3.82,16150.01,4064362.5,Lake Kathleen
78622.37,6.23,5.55,3.62,41203.14,4212208.54,North Jasonville
58188.7,6.35,8.0,5.04,34880.64,4072098.13,East Lucas
57341.46,5.7,8.43,2.59,43392.62,3898846.53,Lake Kathleen
91659.89,5.55,7.18,3.27,32808.0,4470300.28,Jenniferstad
55078.02,6.07,6.78,2.2,44025.13,3791079.55,New Deniseton
60027.1,6.84,7.87,5.61,29755.13,4032293.46,Jenniferstad
65881.67,4.9,6.68,6.61,28797.31,3440871.72,North Jasonville
69549.58,5.12,6.83,3.32,17535.71,3649424.95,North Jasonville
82668.52,4.91,8.83,2.48,34828.54,4214445.3,Rebeccaville
77046.03,5.45,7.18,2.83,39329.7,4434468.31,North Jasonville
83073.45,6.53,7.5,2.52,25487.13,4333834.67,South Anthony
76809.88,6.11,6.93,2.6,31137.19,4332925.7,North Jasonville
71718.47,5.29,7.84,4.91,36489.98,4291117.45,Lake Christinaport
53753.58,6.15,6.01,3.45,47681.43,3752165.43,New Deniseton
70154.76,6.47,8.0,3.52,27771.81,4163003.89,North Jasonville
60809.08,5.43,6.85,4.46,31475.91,3787950.11,Port Adamtown
60908.79,5.85,5.78,4.1,27507.18,3451682.69,Rebeccaville
65543.02,5.79,8.77,3.02,18510.09,3908346.23,Rebeccaville
90861.88,3.7,7.73,4.82,52819.38,4431379.89,Lake Christinaport
79283.23,6.67,7.96,3.49,44662.23,4789878.38,North Jasonville
79580.13,6.14,4.14,4.68,30976.26,3940895.26,Port Adamtown
57061.52,6.95,7.7,5.01,31212.37,4091180.29,North Jasonville
68579.22,6.13,7.4,5.67,25034.1,3890116.93,Rebeccaville
66239.72,7.15,7.18,6.02,25105.0,4077539.74,Lake Kathleen
71703.32,4.98,7.25,4.05,33665.78,3696925.84,South Anthony
77474.72,6.64,6.13,5.0,28755.62,4154782.04,Lake Christinaport
67086.42,5.61,6.16,3.18,19350.59,3647523.7,Lake Christinaport
69852.73,6.23,7.93,4.64,37755.84,4384901.11,North Jasonville
75677.52,6.44,7.91,2.68,29937.04,4381877.67,South Anthony
72926.65,5.69,8.04,2.0,33553.32,4356308.34,East Lucas
77192.18,6.66,8.05,4.56,34575.55,4402126.76,East Lucas
39420.5,5.5,6.84,4.53,34649.01,3378836.76,New Deniseton
58084.23,6.32,5.16,4.69,30050.17,3715112.52,Jenniferstad
66928.23,5.71,6.73,3.58,35342.56,4064200.85,Port Adamtown
57785.03,5.9,8.52,5.76,28404.86,3805462.23,New Michelleville
56994.2,6.84,7.35,4.32,20648.17,3681506.63,Jenniferstad
41218.31,4.84,5.79,4.32,31401.1,3100075.41,Rebeccaville
75627.59,5.14,4.59,4.08,22662.89,3683410.75,Lake Kathleen
65035.06,6.42,7.23,6.11,37339.35,4357115.78,New Michelleville
58686.89,6.79,6.78,3.81,32003.75,3888600.42,Lake Kathleen
86869.88,5.56,7.3,2.25,17791.46,4084137.65,Lake Kathleen
63587.46,6.76,8.19,2.0,19787.02,4149902.37,South Anthony
77749.05,7.4,5.97,4.94,42300.4,4631949.06,North Jasonville
71035.04,8.11,8.08,2.0,33614.81,4424236.3,South Anthony
75176.04,5.92,7.46,4.07,27061.79,4140781.66,Rebeccaville
46708.84,7.03,7.99,4.67,29198.52,3723613.66,Jenniferstad
66807.05,6.64,6.33,5.27,22105.08,3849238.0,East Lucas
63831.33,6.57,7.68,3.96,28883.85,4203138.15,Port Adamtown
75892.36,5.67,6.06,3.09,33907.04,3871944.25,Lake Christinaport
98262.85,4.64,7.74,3.87,43714.73,4769137.81,South Anthony
84821.61,6.28,7.78,4.17,33945.94,4352749.29,Lake Christinaport
82332.98,5.52,8.25,2.81,39751.79,4569511.03,North Jasonville
52828.55,5.19,6.01,2.64,7424.42,3034535.74,South Anthony
70866.09,5.67,7.14,2.91,41077.48,4254943.41,Lake Christinaport
66019.89,7.54,7.79,2.71,35540.89,4280203.5,South Anthony
53439.94,6.8,6.9,3.76,36837.19,3734501.43,South Anthony
72010.93,5.47,7.14,5.77,30823.56,4129422.73,Rebeccaville
79318.05,7.94,5.05,3.91,36174.66,4421104.18,Lake Kathleen
72097.5,5.82,6.76,2.03,31957.91,4067844.23,Jenniferstad
78393.04,5.67,7.09,6.22,29993.04,4069183.6,North Jasonville
82960.76,6.48,7.34,3.37,50125.98,4698613.62,Jenniferstad
64556.13,6.03,7.64,4.18,43366.81,4118908.27,South Anthony
89421.91,6.76,7.89,5.06,28922.89,4614728.32,South Anthony
59436.05,4.45,8.32,5.39,11925.3,3301611.05,Port Adamtown
66214.91,4.5,6.24,6.15,28907.07,3787694.76,South Anthony
68037.33,7.06,8.57,3.17,46378.5,4706080.46,Port Adamtown
63903.21,4.83,6.73,4.25,43695.81,3926227.43,Lake Kathleen
52586.4,4.95,8.68,4.39,43059.01,4113648.28,Lake Kathleen
79861.91,5.44,8.24,4.82,16111.48,3859763.32,Jenniferstad
88351.39,6.18,6.51,3.23,43126.83,4551109.84,South Anthony
73935.48,5.85,8.86,3.26,35165.88,4254229.23,New Deniseton
69804.09,7.0,7.1,2.91,38043.48,4301527.52,South Anthony
64656.03,5.58,6.44,4.38,45756.68,4034686.79,Rebeccaville
73478.22,2.9,7.88,3.44,19480.06,3425738.16,Lake Christinaport
74822.81,5.93,7.08,3.91,13476.78,3736686.75,Lake Christinaport
66644.45,5.36,5.95,5.47,51647.45,4141713.88,Port Adamtown
62154.32,5.46,7.99,2.49,39889.54,4041113.98,New Michelleville
41379.3,5.06,5.61,3.75,28545.1,3191130.14,New Michelleville
68242.75,4.78,4.97,4.72,37714.64,3632939.44,Jenniferstad
83579.41,6.82,6.9,3.98,44721.56,4678070.01,East Lucas
69232.77,7.52,6.76,4.72,36337.82,4345293.16,New Deniseton
52145.72,7.54,7.41,3.64,31151.45,4099199.15,New Michelleville
59832.44,5.0,7.07,3.49,28387.78,3549195.54,Rebeccaville
51540.64,5.49,6.32,6.0,35892.66,3599704.64,Port Adamtown
46535.41,5.57,6.19,3.48,34322.0,3503324.02,Jenniferstad
84672.37,6.64,6.76,4.92,32093.03,4570030.05,Lake Kathleen
70444.6,7.08,7.02,3.12,28276.14,4052266.96,New Michelleville
73521.75,6.58,6.43,4.83,35659.85,4000683.6,Rebeccaville
45068.95,7.97,7.65,4.12,32902.08,3998490.4,Rebeccaville
74382.11,5.98,8.05,4.46,43241.97,4416155.13,New Michelleville
76024.74,6.41,7.24,4.21,35999.06,4228495.19,North Jasonville
81935.62,5.6,7.45,5.56,56793.03,4596320.09,Lake Kathleen
57410.76,4.97,6.58,5.35,36010.9,3755805.63,South Anthony
54927.97,5.5,5.14,5.51,45895.53,3670882.57,Port Adamtown
82189.13,5.46,6.67,3.62,15225.63,3940818.06,South Anthony
75458.18,7.47,7.66,5.4,67447.9,5003721.35,Rebeccaville
65411.08,4.44,6.02,4.12,44420.69,3870463.54,Jenniferstad
76636.94,6.01,6.41,4.49,44256.92,4247765.33,Rebeccaville
87319.3,4.8,7.31,4.13,43354.84,4414551.34,South Anthony
71855.19,6.4,6.95,2.0,42541.84,4306372.74,South Anthony
74230.43,6.32,7.99,4.53,38091.13,4357792.55,East Lucas
78601.86,5.14,6.46,2.02,47436.49,4248604.15,North Jasonville
76535.48,6.95,6.81,4.73,46399.93,4531641.88,South Anthony
67077.53,6.05,5.2,6.02,18982.74,3649024.5,Port Adamtown
69494.48,5.75,7.22,3.46,23641.46,3940748.73,Port Adamtown
48507.25,5.31,5.92,5.05,40963.02,3458483.19,Port Adamtown
54578.19,6.21,7.9,4.01,39434.74,3906045.17,Rebeccaville
96304.42,5.26,7.28,2.0,28045.95,4470977.73,New Deniseton
62055.03,6.56,6.16,5.05,26886.18,3943518.58,New Deniseton
50306.64,5.98,6.63,3.76,44822.43,3790470.69,Rebeccaville
82970.44,5.28,5.33,3.96,24238.69,3811507.18,Port Adamtown
87754.84,6.51,6.32,6.04,57555.95,4820728.05,South Anthony
54591.92,6.0,8.14,3.85,43358.64,3965388.45,East Lucas
68940.97,8.2,7.34,4.52,42534.81,4503788.25,New Deniseton
66236.24,5.27,6.02,6.64,41180.85,4024546.36,New Michelleville
65295.62,5.97,6.16,2.0,38393.06,3857140.78,South Anthony
59609.1,6.45,7.72,5.08,34617.98,3821955.26,Rebeccaville
59725.31,5.43,4.63,3.03,47535.03,3499893.88,South Anthony
63319.07,6.87,7.25,6.0,50930.28,4083958.46,New Michelleville
74474.13,5.76,7.9,3.47,37589.85,4378159.04,Rebeccaville
66552.72,7.15,7.75,4.76,39913.11,4401296.32,New Deniseton
71051.26,5.55,6.53,5.59,47107.08,4142742.38,North Jasonville
70239.22,6.34,8.6,3.69,27031.49,4214968.79,Jenniferstad
66497.4,7.48,8.03,4.68,32061.55,4309016.44,Jenniferstad
61633.36,5.28,8.45,5.03,32155.41,3949846.11,New Michelleville
59442.53,7.33,8.22,4.47,32431.75,4411246.31,Lake Kathleen
64602.66,5.54,6.89,5.36,62123.76,4401670.29,Port Adamtown
68412.76,5.38,5.24,4.23,38888.67,4024591.0,South Anthony
53310.13,5.55,6.84,2.56,25610.6,3321574.23,South Anthony
60206.74,4.7,5.47,2.34,41266.94,3718595.19,Lake Christinaport
79039.32,7.67,6.08,2.18,48398.09,4660882.5,New Michelleville
59877.23,5.75,7.57,2.08,25987.22,3951808.17,Port Adamtown
69886.21,4.99,6.15,5.0,40637.56,3939405.85,Rebeccaville
53378.03,5.53,7.53,5.47,33716.41,3646615.38,Lake Kathleen
82015.89,6.46,6.85,4.72,63475.32,4906485.86,Jenniferstad
82989.21,6.42,7.04,4.02,43351.58,4619621.65,Lake Kathleen
71323.8,4.51,6.74,4.03,35042.89,3706340.8,North Jasonville
69926.7,7.75,8.03,6.01,30487.09,4240622.44,Rebeccaville
73549.63,6.53,7.76,3.74,36144.34,4315786.88,Port Adamtown
67135.65,5.17,7.22,2.46,43296.64,3985908.35,East Lucas
61009.42,5.9,6.44,3.91,47294.92,4230432.26,South Anthony
77786.87,5.8,8.33,4.58,31451.29,4403121.39,East Lucas
60838.12,5.29,6.6,4.78,25744.13,3564687.62,South Anthony
73031.36,5.19,6.35,3.21,26402.09,3749175.0,New Deniseton
82152.23,7.73,7.03,4.11,40050.97,4833553.07,South Anthony
55851.09,5.06,7.22,3.15,31465.76,3635221.22,South Anthony
67035.27,6.33,6.45,4.11,47689.91,4327552.08,North Jasonville
68727.08,5.46,6.94,5.7,33963.07,3898553.51,Port Adamtown
45601.31,5.07,7.75,6.85,37760.43,3570593.12,South Anthony
63308.66,6.23,5.69,3.26,35153.43,3675973.13,South Anthony
69347.85,6.18,7.1,3.63,38738.61,3961802.75,Lake Kathleen
54818.85,5.11,6.05,3.95,25046.98,3421203.21,New Deniseton
79250.68,6.54,6.82,3.03,30576.25,4411995.58,East Lucas
86369.65,6.05,8.45,2.54,24361.27,4702455.65,Port Adamtown
84356.93,5.73,7.98,4.88,39669.86,4618259.37,Lake Kathleen
90804.08,4.93,8.45,5.2,49112.99,4700818.11,North Jasonville
65473.06,5.67,6.46,4.04,29215.45,3884074.62,New Michelleville
81278.73,3.63,7.81,2.94,40172.58,4087279.1,Port Adamtown
72213.14,5.54,7.65,2.45,32608.91,3954650.39,Jenniferstad
55431.65,6.99,7.8,4.48,39483.45,4034882.73,Lake Christinaport
58506.56,5.61,7.1,3.43,36831.62,3692750.06,Lake Christinaport
64309.36,6.03,6.51,2.78,28433.12,3830578.92,Rebeccaville
49619.18,6.52,8.65,3.6,42886.23,4069983.18,New Deniseton
68341.18,6.58,6.91,2.62,28421.99,3931275.78,Lake Christinaport
68918.42,6.06,8.5,5.66,27678.27,4010055.5,Jenniferstad
99363.06,5.62,7.96,6.43,47337.3,4974578.76,East Lucas
71832.93,5.23,7.01,4.4,47042.5,4040881.61,North Jasonville
83359.99,5.47,5.95,5.21,23171.28,3997413.08,Jenniferstad
74540.02,5.36,8.34,4.45,37073.93,4197254.75,Rebeccaville
61267.33,4.82,8.32,3.77,47900.42,4039158.39,New Michelleville
58251.47,7.66,5.53,3.57,46615.61,4176859.81,New Michelleville
62475.55,6.5,5.61,2.95,51292.66,4071509.1,Rebeccaville
65013.44,5.83,6.93,5.95,50052.68,4197212.77,East Lucas
81012.31,7.25,6.57,2.15,32737.34,4616092.43,Lake Christinaport
81914.41,5.54,6.03,3.4,16431.13,3876142.4,South Anthony
64404.25,5.42,8.66,4.13,28069.85,3722707.76,South Anthony
65944.37,7.61,6.03,3.58,32872.95,4163328.31,Lake Christinaport
60071.47,6.1,6.31,4.86,28962.35,3597022.06,Lake Kathleen
66565.53,6.41,5.38,4.68,17254.88,3689143.21,Lake Christinaport
71533.13,6.09,9.21,5.19,40582.4,4487549.08,Lake Kathleen
62683.98,6.45,7.25,5.64,34370.17,4091725.81,Lake Kathleen
70096.73,6.21,6.6,4.02,38146.05,4137610.96,Rebeccaville
61776.36,5.42,7.98,3.33,31152.5,3685034.58,Port Adamtown
82984.41,5.22,7.23,5.61,34342.86,4243152.45,Lake Christinaport
71031.49,7.42,8.45,5.08,44620.52,4621115.22,Jenniferstad
62490.27,6.35,6.85,4.25,44210.81,4032236.35,Jenniferstad
83752.68,6.57,5.55,3.9,28254.79,4293764.48,Rebeccaville
49903.15,6.25,7.62,2.77,33882.85,3662848.77,Lake Christinaport
67187.85,6.95,8.42,5.5,46761.21,4559981.99,Lake Christinaport
85113.35,6.83,8.22,4.94,31960.51,4660309.98,New Deniseton
81825.91,4.37,6.28,3.62,24136.49,3737056.52,Lake Kathleen
77170.78,6.01,5.01,2.5,28402.29,3677872.41,Lake Christinaport
68191.76,6.53,8.48,3.22,33996.77,4247376.71,New Deniseton
79636.56,5.42,5.36,3.24,46597.84,4241738.05,South Anthony
76490.24,6.6,9.36,2.0,46867.41,4779732.59,Jenniferstad
80300.91,4.85,6.04,4.86,44185.42,4195499.01,North Jasonville
57654.26,6.4,7.12,4.01,31343.32,3966591.52,Port Adamtown
80648.53,5.94,7.42,2.0,51326.45,4667681.47,Port Adamtown
58797.51,5.65,6.74,2.08,36685.02,3595562.58,Port Adamtown
54824.9,7.18,6.16,2.0,14069.18,3560781.29,South Anthony
68488.41,4.31,7.67,4.45,39400.88,3742018.91,Rebeccaville
67814.52,6.49,8.73,5.03,30033.97,4337625.79,Rebeccaville
82357.65,5.34,6.52,3.13,47546.69,4236145.13,North Jasonville
66299.65,5.5,6.98,5.59,55596.02,4269250.13,New Deniseton
72046.48,6.27,6.24,3.01,33854.01,3939319.13,North Jasonville
57719.53,5.91,6.11,6.19,52871.12,3942015.59,Port Adamtown
55332.6,7.83,6.51,3.75,38926.61,4133143.4,Port Adamtown
64675.28,6.58,6.64,2.0,36717.72,3919938.47,Lake Kathleen
74863.56,6.33,6.63,3.35,63478.93,4556034.81,North Jasonville
96500.8,6.27,6.94,5.64,32876.53,4546431.56,Rebeccaville
57237.84,5.51,7.82,3.31,32418.71,3854854.19,East Lucas
88047.59,8.22,7.33,5.08,12743.07,4464379.59,East Lucas
65520.22,7.36,6.51,3.65,30305.5,3930412.47,North Jasonville
83836.09,5.25,7.88,2.0,40013.44,4382226.32,Jenniferstad
52737.12,6.21,6.73,5.48,42580.07,3844766.93,East Lucas
71403.19,5.45,7.94,3.67,25679.27,3974039.41,North Jasonville
70295.42,4.64,7.02,2.82,32653.45,3757928.01,Port Adamtown
63760.64,7.68,5.87,2.85,47681.99,4394691.77,Port Adamtown
65640.19,4.06,8.48,5.86,24678.78,3685247.61,Port Adamtown
68572.73,6.94,7.14,3.99,39229.53,4036573.13,South Anthony
69971.84,6.34,8.97,2.45,47479.51,4408718.78,Rebeccaville
48241.48,3.86,7.81,3.94,47476.61,3562109.35,South Anthony
55084.25,6.18,7.43,3.03,40786.6,3984115.22,North Jasonville
59091.0,5.26,5.79,2.0,42032.04,3629282.9,Jenniferstad
38914.27,5.58,8.24,4.92,37655.63,3440899.45,Lake Kathleen
53812.69,5.17,7.7,3.76,21368.2,3462412.99,Rebeccaville
76531.4,6.04,7.63,2.91,35366.72,4283585.49,New Michelleville
71872.37,6.17,5.73,4.19,41721.06,4224567.5,Jenniferstad
58611.56,6.62,6.32,2.69,45887.54,3790280.6,Port Adamtown
78613.85,6.58,8.02,4.5,33366.85,4402783.31,New Michelleville
68494.42,7.06,7.38,3.94,35720.12,4273612.94,New Michelleville
58509.74,6.94,7.37,4.66,32326.53,3954493.93,New Michelleville
75257.19,5.79,6.88,3.17,27535.01,4008251.41,East Lucas
82856.97,6.66,8.02,3.38,32331.26,4486442.95,Rebeccaville
64781.12,5.51,6.21,3.03,34844.88,3661737.33,New Deniseton
76453.12,6.56,6.95,3.57,39370.45,4249481.06,New Michelleville
71703.7,7.11,7.61,4.09,44200.32,4537679.61,Lake Kathleen
72054.69,5.1,6.49,5.67,40182.57,4015820.48,Rebeccaville
55145.47,6.62,7.3,2.89,36852.26,3843135.05,South Anthony
53930.09,5.77,6.89,3.83,39385.62,3654511.79,Lake Kathleen
56610.26,6.26,6.39,4.17,38392.68,3804358.91,North Jasonville
71921.73,7.14,6.03,3.6,36707.49,4170538.35,South Anthony
67852.69,5.63,7.03,3.24,44191.24,3953009.91,Port Adamtown
66572.2,5.74,6.11,4.67,33758.99,3795167.12,Lake Christinaport
82384.06,8.12,8.6,3.71,47704.19,5185315.1,South Anthony
84959.43,3.99,6.3,2.81,43052.34,4183494.31,Jenniferstad
48392.97,8.07,8.16,3.04,31703.76,4001581.36,Lake Christinaport
45671.4,8.15,7.4,3.44,42451.24,4063612.59,South Anthony
63608.74,4.63,6.89,3.86,19675.39,3555337.5,New Michelleville
73275.34,7.82,8.27,4.23,44820.35,4661343.45,East Lucas
74773.27,5.88,6.68,3.79,20121.88,4014936.7,Lake Christinaport
65698.01,5.24,8.3,5.2,37982.22,4075113.09,New Deniseton
45819.27,6.34,6.18,3.33,29644.85,3503320.34,New Michelleville
88747.5,4.77,7.28,4.25,32429.16,4232936.6,Port Adamtown
61145.92,6.26,8.65,3.22,35545.78,4260965.49,New Michelleville
72399.82,7.13,8.58,4.34,55580.78,4987884.95,North Jasonville
68805.68,6.31,5.03,3.01,46507.72,3917446.12,Lake Kathleen
65043.4,7.89,6.95,5.8,27861.55,4138732.49,Rebeccaville
80515.1,6.2,9.06,4.03,30492.19,4514803.25,Rebeccaville
82117.92,5.2,6.67,2.69,35911.07,4033882.54,North Jasonville
53942.81,7.05,6.48,4.72,35317.29,3916156.8,Port Adamtown
41021.23,5.49,3.96,5.44,46090.72,3292197.7,Lake Kathleen
61526.0,5.99,5.67,4.81,37270.13,3914650.54,New Deniseton
72250.1,6.3,7.58,6.12,46598.99,4361512.29,Rebeccaville
71551.77,6.93,6.73,2.45,39851.38,4332271.37,East Lucas
72406.43,4.7,7.73,3.41,47240.55,4203792.85,South Anthony
80672.07,7.16,5.57,2.35,43520.49,4414950.93,Lake Christinaport
79513.22,5.17,7.09,4.21,35019.89,4237093.66,Lake Christinaport
63868.62,7.46,7.14,2.25,30447.89,4066532.15,North Jasonville
53736.05,5.19,6.62,3.76,36103.13,3627741.29,North Jasonville
60398.56,8.08,8.33,2.86,42798.25,4500939.93,Lake Kathleen
81318.38,5.02,7.74,4.51,35960.84,4253008.96,Lake Christinaport
60962.97,5.63,6.68,4.62,35562.53,3864347.05,Rebeccaville
80761.55,6.88,7.56,3.26,24345.99,4487253.14,New Michelleville
75818.21,7.12,8.8,3.56,43220.05,4743960.14,Lake Kathleen
91774.16,5.91,5.96,4.93,27904.46,4474093.67,East Lucas
68467.24,7.33,8.47,4.11,48945.0,4410440.45,New Michelleville
43675.16,6.15,7.27,3.57,29295.22,3569043.33,Port Adamtown
90116.74,6.87,6.85,4.07,45414.93,4779476.13,New Michelleville
68941.8,5.99,6.47,6.04,26528.27,3885033.75,New Deniseton
67252.78,6.32,6.62,4.49,43297.99,4020223.65,Port Adamtown
83920.29,6.06,6.54,4.63,42600.6,4347478.89,Jenniferstad
64860.56,4.14,5.44,3.78,24737.03,3318483.72,East Lucas
57148.6,5.94,6.26,2.75,46663.85,3698744.86,East Lucas
64819.33,5.32,6.61,2.23,24754.28,3555407.92,East Lucas
74775.47,7.45,6.18,4.06,34956.54,4364946.83,New Michelleville
64392.67,5.04,7.3,4.82,20891.91,3547940.06,Rebeccaville
88045.39,4.92,7.21,6.08,51784.44,4434715.21,New Michelleville
58203.66,6.71,8.22,2.73,28443.72,3914905.0,Jenniferstad
60232.18,5.44,5.9,4.97,38982.75,3612565.7,New Deniseton
53846.34,5.59,7.64,3.56,12642.0,3200230.35,East Lucas
89046.67,5.03,6.73,2.0,18232.1,3997882.55,South Anthony
87096.41,6.17,7.21,4.38,35029.17,4620082.85,Port Adamtown
65353.39,6.04,7.42,4.61,25939.19,3875949.21,North Jasonville
59089.6,5.59,6.25,3.06,41049.49,3932117.66,Lake Christinaport
49477.69,6.21,7.21,4.13,33474.03,3793526.1,Rebeccaville
84082.86,5.03,6.49,6.42,42290.4,4199775.6,Port Adamtown
75275.93,4.3,7.89,4.24,45509.75,4316136.59,Rebeccaville
75470.25,4.02,7.11,5.85,24520.71,3627018.22,New Michelleville
64537.98,5.85,7.87,3.04,38124.47,4045493.7,Lake Christinaport
81528.72,5.46,5.93,3.02,35577.04,4214358.95,Rebeccaville
68845.46,5.54,7.54,2.0,38513.82,3917999.94,East Lucas
55764.23,6.84,6.81,2.58,50027.78,4047617.36,Port Adamtown
58803.73,5.45,8.15,4.55,26904.85,3859357.66,Port Adamtown
71391.58,7.11,7.5,3.16,38843.22,4299502.26,North Jasonville
53856.62,6.02,6.05,3.78,29735.95,3613138.81,Rebeccaville
74216.2,6.47,7.34,2.08,30733.72,4284963.51,North Jasonville
58366.08,6.58,5.28,3.75,57345.28,4164932.23,South Anthony
63420.66,5.58,6.89,3.78,40669.86,4119078.26,Jenniferstad
62784.75,4.9,7.35,3.79,33658.84,3632289.83,New Deniseton
65007.9,2.72,5.7,2.38,48728.84,3580362.15,Lake Christinaport
74142.15,4.04,7.77,3.91,45532.94,3922614.97,Jenniferstad
54280.84,6.29,7.47,5.18,15380.13,3676090.81,South Anthony
61315.77,6.94,6.33,4.69,37111.8,4036834.72,Rebeccaville
53618.23,4.4,8.54,5.0,41054.33,3642583.71,Rebeccaville
62936.92,6.14,5.85,3.81,30755.62,3879025.87,Lake Christinaport
57662.28,5.58,6.03,4.0,33968.94,3442695.8,South Anthony
69968.11,6.59,6.25,4.26,44184.48,4236998.13,Rebeccaville
73305.56,6.6,6.14,3.43,38516.85,4276892.74,East Lucas
89213.04,5.59,8.55,4.24,49129.36,4904373.34,New Deniseton
63336.57,6.12,7.8,5.73,40528.45,4210180.58,Lake Christinaport
82842.46,6.33,4.55,2.0,43013.26,4210128.27,Jenniferstad
62603.25,5.77,6.93,3.86,20164.94,3729749.65,Rebeccaville
61208.25,3.52,6.89,3.12,37637.25,3497190.86,Port Adamtown
75225.57,5.99,7.45,4.58,33716.22,4034449.9,Jenniferstad
79401.49,5.14,6.46,5.67,24283.75,3984697.53,Lake Kathleen
80218.05,5.12,8.17,5.34,45307.3,4607693.63,Lake Christinaport
74032.39,5.85,7.55,5.36,26465.37,4128914.34,East Lucas
70124.2,6.37,6.29,5.72,36788.11,4039186.64,New Deniseton
87447.32,4.57,6.19,3.29,22830.05,3766317.95,Rebeccaville
63329.24,6.33,6.83,4.14,40864.86,4117661.76,Jenniferstad
59345.88,6.0,5.09,2.0,32549.75,3602416.94,East Lucas
61669.2,6.72,8.76,2.56,23192.52,3935130.12,New Deniseton
54640.29,5.35,6.42,2.83,32435.6,3513747.11,Rebeccaville
61238.29,5.77,7.41,4.39,41624.13,4048610.7,South Anthony
85542.81,5.98,8.43,4.1,41651.22,4696751.28,Lake Kathleen
51127.07,4.97,6.15,2.0,36544.17,3391658.8,Lake Kathleen
87272.41,6.0,7.64,3.85,26961.44,4537544.43,Lake Kathleen
51892.6,5.21,6.24,5.27,18197.62,3167210.12,South Anthony
79970.29,5.19,8.18,2.0,27960.51,4094802.06,Rebeccaville
39199.1,5.14,8.61,5.89,63514.7,3797777.46,Lake Kathleen
87217.01,5.74,9.08,2.92,21944.4,4319150.47,South Anthony
61101.61,5.93,6.36,4.94,30190.94,3648254.14,Lake Christinaport
70617.7,7.48,7.22,2.05,47112.95,4606377.88,Lake Kathleen
67657.48,6.51,6.19,2.0,32026.44,4172604.17,Port Adamtown
64845.97,5.85,7.43,3.09,32311.96,3961382.81,South Anthony
85077.29,5.1,8.04,3.33,40131.52,4415609.42,South Anthony
79995.82,4.99,7.08,4.98,23208.72,4057159.01,Rebeccaville
67933.83,6.78,8.83,3.19,24745.23,4206183.41,Jenniferstad
73608.3,6.45,5.01,5.18,43295.01,4137285.03,New Michelleville
78712.41,6.57,7.88,2.25,37909.3,4596909.98,Lake Christinaport
65317.32,6.69,6.32,3.71,11754.64,3595090.94,Rebeccaville
77766.71,7.86,6.38,4.51,42036.97,4555445.83,Port Adamtown
79915.83,7.23,5.31,2.0,52577.75,4589734.65,Rebeccaville
62188.37,6.86,6.58,4.93,43068.13,4263955.36,Port Adamtown
56209.66,5.02,7.82,2.28,30401.71,3555150.79,Port Adamtown
72198.66,4.86,6.98,4.2,39589.6,4013400.46,Jenniferstad
59023.03,7.0,8.7,3.97,40129.54,4256444.71,Rebeccaville
73195.08,5.89,7.68,4.83,56480.09,4581515.15,Jenniferstad
65594.43,8.31,6.12,3.75,34364.28,4350666.13,Jenniferstad
79394.88,5.27,6.1,3.02,31844.45,3885970.04,North Jasonville
78354.57,6.5,6.67,4.85,26904.02,3915685.71,New Deniseton
91162.55,7.9,7.28,4.33,27928.69,4776531.42,Lake Kathleen
82045.94,5.54,6.19,2.71,45046.69,4281016.26,Rebeccaville
74305.43,6.18,8.69,4.78,38188.96,4441027.72,South Anthony
62055.28,5.32,7.09,4.7,49840.03,4091381.03,Jenniferstad
57715.52,6.33,5.33,2.34,26547.34,3440999.03,Lake Christinaport
74277.66,5.77,6.89,3.97,36771.79,4160954.69,South Anthony
82749.42,6.14,6.97,3.51,39753.74,4380108.08,North Jasonville
78132.66,4.99,6.96,4.78,44044.7,4308164.02,Port Adamtown
67197.74,6.82,8.65,2.0,36595.18,4277586.55,Lake Kathleen
62639.19,5.98,6.98,4.98,44367.06,3979325.67,South Anthony
81025.2,5.63,7.07,3.01,28126.8,4282314.57,New Deniseton
71361.63,5.33,5.68,4.1,34910.93,3975896.16,New Michelleville
49524.67,6.85,5.1,2.1,42681.07,3656443.19,New Michelleville
85127.55,6.25,7.59,5.2,22710.51,4254357.09,South Anthony
44858.3,6.07,7.87,5.05,34508.24,3606996.7,Rebeccaville
60273.02,6.87,8.82,6.26,16428.78,4081418.04,South Anthony
64246.52,6.25,6.43,2.4,31053.85,3716936.15,Jenniferstad
75081.49,4.95,7.89,4.76,38485.87,4094375.31,North Jasonville
62816.85,4.91,6.5,2.57,35385.13,3866848.14,South Anthony
61199.13,6.04,6.53,5.43,26060.93,3654306.2,Lake Christinaport
68255.22,5.81,7.06,2.05,38147.21,3847622.13,Rebeccaville
80852.41,5.32,6.66,4.0,30325.59,3919433.71,New Michelleville
65028.98,7.3,7.12,5.3,12710.98,3965148.32,New Michelleville
91190.44,6.9,6.48,2.0,56392.3,4813343.99,North Jasonville
71485.81,6.9,4.74,3.85,36412.66,4052761.0,East Lucas
63276.07,6.75,6.06,4.02,27924.05,3856877.92,Port Adamtown
64026.47,6.48,4.03,3.35,49409.07,3864889.07,Port Adamtown
61475.38,6.53,6.02,4.39,46602.21,4135676.93,Port Adamtown
75706.59,6.99,6.82,4.92,21148.86,4090787.59,Port Adamtown
65499.73,4.73,6.21,5.15,39238.42,3769723.32,North Jasonville
66849.44,4.97,6.78,5.21,37956.83,4035593.45,North Jasonville
61821.12,4.83,6.64,3.83,43431.22,3664669.44,Lake Christinaport
88017.57,4.37,5.97,2.23,34859.99,4265948.25,Port Adamtown
48211.63,5.42,7.46,5.58,38874.06,3675482.72,Lake Kathleen
64980.42,7.63,7.99,4.12,49773.98,4489310.32,South Anthony
72736.25,3.66,6.67,5.38,46490.53,3943064.69,Rebeccaville
72012.38,4.92,7.06,4.6,25857.17,3736943.56,Port Adamtown
69024.3,6.47,6.4,5.59,11398.63,3624078.55,Lake Christinaport
76663.12,5.54,6.89,3.28,27239.7,3841783.37,Lake Christinaport
71289.38,5.96,7.8,7.0,35107.46,4373314.95,East Lucas
66452.68,5.93,6.95,3.71,34294.2,3841540.14,South Anthony
57501.89,6.26,6.56,3.79,21216.71,3557442.79,Lake Kathleen
72196.1,5.6,7.32,6.3,20307.07,3981571.73,East Lucas
56913.76,5.22,7.0,5.95,37969.54,3879203.17,Rebeccaville
46964.65,5.15,4.86,5.99,43418.89,3303058.82,South Anthony
78894.64,4.13,7.48,2.57,30486.07,3910529.42,Port Adamtown
65753.47,4.37,7.34,4.53,43734.83,3698602.68,Lake Christinaport
63365.94,8.69,8.44,5.06,37315.19,4548914.41,North Jasonville
66484.29,5.88,6.72,3.58,40498.14,3837761.66,New Michelleville
67105.33,8.41,7.0,4.55,18147.69,4097112.98,Jenniferstad
65158.65,5.11,7.25,2.96,30409.72,3850153.0,North Jasonville
66608.16,5.96,7.25,4.03,50627.87,4320290.63,North Jasonville
71173.32,8.18,6.16,3.15,30298.45,4258916.35,Jenniferstad
67182.38,6.18,6.1,4.37,39166.37,3904330.76,New Michelleville
74272.27,6.92,7.64,2.92,46417.15,4461426.26,East Lucas
95261.54,5.14,5.78,3.67,45526.66,4445207.38,Jenniferstad
79229.97,7.5,7.08,4.21,35286.13,4531294.06,New Michelleville
73745.2,5.7,7.57,2.31,34150.61,4136623.48,North Jasonville
69770.79,6.37,6.62,3.33,42051.17,4076778.1,South Anthony
72703.89,6.05,7.17,2.89,39500.02,4196249.87,Lake Kathleen
77210.41,5.22,6.11,6.08,45937.99,4150427.73,New Deniseton
73501.23,6.58,7.11,4.08,38724.73,4255728.33,East Lucas
81316.93,7.57,8.13,3.35,43643.5,4731011.39,East Lucas
80282.8,6.01,7.34,3.99,18376.12,4211810.69,Rebeccaville
66567.18,5.28,7.37,3.59,49802.3,4044830.54,East Lucas
63630.52,4.96,5.33,3.52,44394.57,3664959.02,New Deniseton
73954.45,7.54,6.29,2.0,29658.98,4187936.09,North Jasonville
86578.05,7.81,6.7,4.5,36176.04,4785669.97,Jenniferstad
57116.43,6.17,5.87,2.0,29967.15,3637755.0,Lake Kathleen
73472.71,5.12,7.69,5.48,38226.51,4229555.72,Jenniferstad
68066.18,6.18,7.39,5.18,32980.05,4095027.34,New Deniseton
67035.79,3.92,7.76,5.11,29413.89,3778826.1,North Jasonville
66261.77,6.82,6.96,5.2,31359.61,4166428.36,Rebeccaville
85339.36,7.06,7.21,2.25,37328.75,4757544.78,Lake Kathleen
80135.11,4.26,5.95,3.47,21740.55,3714097.94,South Anthony
70310.35,4.99,7.53,3.38,33634.33,3968543.83,New Michelleville
63188.26,5.48,6.24,5.68,35380.87,3889384.89,Port Adamtown
78528.41,6.09,6.49,4.11,38649.03,4321690.58,South Anthony
72473.29,5.45,6.05,4.06,30040.75,3802142.72,East Lucas
64053.85,6.6,6.84,3.91,21447.39,4004980.28,Lake Kathleen
64255.05,4.75,5.26,3.05,25245.71,3576610.77,Lake Kathleen
71459.17,6.71,6.32,3.69,46937.0,4516883.98,Rebeccaville
50940.72,5.21,6.72,3.97,33148.32,3585323.13,South Anthony
67036.25,4.62,7.22,3.23,20925.77,3664384.2,Port Adamtown
65633.17,5.3,5.75,4.73,25364.36,3535841.58,Lake Christinaport
62588.67,6.58,5.25,2.0,36912.69,3775065.74,Lake Kathleen
76080.58,5.08,5.11,3.04,40703.33,4042181.23,East Lucas
60508.54,7.95,7.68,2.94,52136.66,4617674.15,Jenniferstad
71137.03,5.75,6.17,2.0,55579.12,4185991.69,Lake Kathleen
64463.15,5.39,6.86,3.36,43327.47,4198819.77,South Anthony
64414.12,6.05,6.99,4.76,44968.09,4049377.06,New Michelleville
63370.28,5.22,6.54,5.9,45006.87,4077461.2,New Deniseton
99109.71,6.49,6.67,4.13,54658.33,5007153.63,South Anthony
69679.44,6.66,6.78,2.67,41600.93,4241197.32,Lake Christinaport
59726.91,6.15,6.28,3.8,33130.34,3929084.77,Jenniferstad
51455.29,5.16,6.18,3.01,33507.71,3400643.66,North Jasonville
52817.59,4.92,6.63,5.58,46403.76,3683624.66,New Michelleville
58055.07,4.37,6.3,3.1,32736.56,3585307.39,New Deniseton
63433.18,4.64,6.8,2.0,46478.91,3747099.09,Port Adamtown
66447.76,6.69,8.71,4.02,35223.29,4270320.19,New Michelleville
79802.19,5.93,7.18,2.0,39492.97,4405195.75,New Michelleville
63456.08,4.97,7.45,3.03,45154.3,4040878.65,New Michelleville
72597.3,6.25,7.95,3.13,34689.67,4063197.21,Lake Kathleen
68257.97,8.13,6.73,4.15,48665.58,4503896.91,North Jasonville
75052.35,6.94,7.32,4.66,35112.35,4380701.33,New Deniseton
73981.15,6.03,6.26,4.86,26854.74,4173138.85,East Lucas
68914.85,4.78,5.76,4.52,34229.85,3721585.68,South Anthony
67497.27,5.79,6.8,3.53,28194.85,3829208.25,Jenniferstad
89555.56,8.53,7.32,3.94,18779.09,4804838.77,South Anthony
69736.47,8.14,7.02,5.84,40447.06,4409487.32,Rebeccaville
56392.6,7.33,6.84,7.0,22326.82,3724288.38,South Anthony
62370.39,6.32,6.28,3.44,24895.68,3780395.36,New Michelleville
50736.02,5.58,5.43,4.88,37045.55,3341282.89,North Jasonville
61667.44,6.44,8.05,4.47,43896.06,4209487.37,New Deniseton
52916.44,4.86,7.01,5.49,45198.7,3645419.86,East Lucas
79521.83,6.81,6.54,4.7,34156.46,4221751.65,North Jasonville
92485.41,5.31,9.06,4.62,14413.33,4389512.82,Rebeccaville
71533.9,6.83,7.26,3.06,48974.24,4603553.04,Lake Christinaport
60429.58,4.8,7.18,4.78,33156.62,3649874.97,New Michelleville
60625.93,5.14,6.03,3.02,34636.54,3603402.13,Port Adamtown
54932.67,6.02,6.77,5.06,41137.35,3729748.36,Lake Kathleen
53713.43,6.81,4.93,5.32,26935.66,3693092.23,North Jasonville
65889.52,5.65,8.21,3.51,26652.25,4047245.44,South Anthony
79437.85,3.65,6.4,2.98,39144.93,3941984.68,North Jasonville
64316.5,3.87,7.24,7.0,45986.06,3909254.73,Jenniferstad
49648.52,2.66,7.03,4.54,20171.79,2918766.8,South Anthony
91142.09,6.92,7.15,2.96,35779.17,4623056.26,North Jasonville
48326.09,7.78,8.68,2.76,25683.72,3863425.18,New Deniseton
75085.51,7.03,5.59,2.26,38441.75,4279154.87,New Deniseton
89008.18,6.69,7.29,4.61,23794.78,4293286.72,East Lucas
81392.94,7.31,8.21,4.82,30543.07,4685639.76,New Michelleville
77020.15,7.36,6.92,3.16,45490.36,4646676.86,South Anthony
47506.59,6.38,6.69,3.07,44276.03,3929266.55,South Anthony
77309.12,7.15,8.97,4.36,34314.44,4589079.41,Lake Christinaport
60968.9,6.62,7.91,3.6,46929.19,4374720.73,Port Adamtown
68370.18,7.04,7.0,4.96,33879.08,4207906.25,Jenniferstad
53153.82,4.31,5.85,3.35,25823.32,3144276.07,Lake Kathleen
55251.35,6.09,7.06,5.12,29915.15,3771630.12,Port Adamtown
57740.38,6.57,7.41,2.69,29195.9,3674755.87,New Deniseton
89026.04,3.9,7.73,5.41,32798.88,4045273.28,East Lucas
58929.93,4.68,7.59,4.35,36419.73,3674838.25,Lake Kathleen
53837.58,5.84,6.8,5.91,23812.49,3439909.81,New Deniseton
42885.22,5.93,5.33,2.95,33927.08,3223090.45,Jenniferstad
87994.6,4.82,8.0,4.62,29849.99,4355051.33,New Michelleville
75801.87,5.51,8.32,4.76,62860.12,4736056.54,South Anthony
62808.56,6.24,5.92,5.72,26366.55,3639088.77,Lake Christinaport
42470.43,6.5,5.75,4.59,36826.59,3647075.9,Lake Kathleen
57073.91,7.3,6.27,3.59,30137.13,4102102.42,North Jasonville
60121.97,4.55,7.33,4.14,39265.22,3812717.4,Jenniferstad
90388.21,7.2,5.66,2.0,15768.74,4131257.47,Port Adamtown
59104.29,5.41,7.29,2.24,45353.65,3994657.86,New Michelleville
75611.24,3.89,7.34,2.0,38228.31,3805004.5,Rebeccaville
50200.17,6.76,6.36,2.92,42319.38,3727259.51,North Jasonville
64801.64,6.18,8.8,2.4,31752.5,4195033.8,Lake Christinaport
79492.24,6.77,7.53,2.74,45286.47,4583301.01,South Anthony
61933.15,4.77,8.02,4.06,43415.79,3914901.31,Lake Kathleen
53383.27,5.17,5.99,2.0,44279.87,3686838.18,East Lucas
76662.58,5.48,8.91,5.37,30027.27,4487341.43,Lake Kathleen
74885.4,6.77,8.88,3.38,47834.57,4575431.06,East Lucas
71773.86,4.41,7.9,5.14,31932.96,4160765.77,South Anthony
80599.44,6.56,6.93,4.64,40790.42,4569099.58,Port Adamtown
63551.38,5.64,8.24,4.03,49515.67,4358155.06,Lake Christinaport
72617.58,6.16,5.84,2.95,42376.47,4338622.99,Port Adamtown
56590.68,6.52,7.74,4.73,3948.17,3456908.54,North Jasonville
65770.72,5.04,6.68,4.21,44486.89,4047217.54,New Deniseton
69307.56,6.72,7.05,4.9,45616.61,4341530.58,South Anthony
45399.05,7.43,6.07,4.54,52579.17,3877523.35,New Deniseton
62158.61,6.31,7.09,4.53,30029.13,3905586.41,South Anthony
76112.63,6.85,6.9,4.57,31843.83,4266967.14,Lake Christinaport
51559.87,5.46,7.78,4.84,50686.91,3684933.17,South Anthony
60971.49,4.18,7.44,4.52,38999.33,3721242.06,North Jasonville
69744.94,6.82,9.61,4.69,55383.78,4695219.7,Port Adamtown
100953.07,5.0,7.99,4.04,36325.71,4752176.81,Port Adamtown
79040.33,5.68,8.25,4.62,31670.87,4378584.12,Jenniferstad
62758.42,7.26,6.56,3.63,37034.83,4121824.47,Rebeccaville
51829.67,6.06,7.77,3.27,36639.66,3743118.88,North Jasonville
64742.21,7.13,8.3,2.39,56321.01,4693982.7,Lake Kathleen
68926.82,7.76,6.36,3.33,45147.96,4627364.07,East Lucas
80284.55,6.59,5.91,2.95,40745.38,4404938.43,New Michelleville
62915.2,6.09,7.84,3.76,19991.43,3899388.15,New Michelleville
77553.95,8.12,6.53,4.26,48018.42,4597077.3,North Jasonville
80400.75,4.28,7.8,4.12,45035.19,4244230.84,Rebeccaville
66035.41,6.35,7.39,2.48,57655.42,4452667.01,South Anthony
76924.58,5.47,6.31,3.37,41673.95,4300742.51,Jenniferstad
64668.03,7.72,8.37,3.09,57876.62,4787461.83,Lake Christinaport
68877.94,5.65,7.39,3.83,29604.15,4014162.4,Jenniferstad
52381.3,6.27,8.74,3.93,29275.2,4031455.42,Jenniferstad
69075.07,7.56,6.97,5.08,24957.04,4223424.84,South Anthony
77752.52,6.11,6.5,4.44,42462.66,4128286.57,East Lucas
74790.21,5.93,7.93,2.0,41787.0,4469376.76,Jenniferstad
66006.02,5.37,6.43,4.22,42489.97,4054590.77,Lake Kathleen
79355.82,4.85,8.84,4.42,47896.24,4385157.69,North Jasonville
62286.51,4.37,7.4,4.05,36086.72,3645887.97,New Deniseton
66123.59,6.41,7.25,5.11,32862.74,4071015.28,South Anthony
54031.79,4.15,8.3,5.23,31073.6,3486554.14,New Michelleville
75848.49,4.67,6.03,4.83,40751.81,3871320.11,Port Adamtown
63984.5,5.95,5.98,3.38,36922.79,3879208.69,New Deniseton
71083.81,5.76,7.03,3.36,29564.59,3949899.44,East Lucas
70644.76,6.61,7.63,3.26,42062.76,4507505.23,South Anthony
68533.2,5.2,7.29,4.46,54622.64,4480303.36,New Michelleville
71872.51,8.2,6.62,6.04,38879.99,4461419.99,South Anthony
76577.1,5.96,6.78,4.74,52052.12,4166278.01,New Deniseton
67654.64,6.16,7.92,5.66,40125.15,4253173.15,New Deniseton
74498.09,7.12,6.33,3.48,26271.37,4089999.8,East Lucas
70442.07,5.72,5.61,3.74,36978.98,3908842.4,Rebeccaville
74804.07,6.04,8.19,4.41,29373.14,4141413.63,Rebeccaville
65978.84,6.24,5.97,5.23,36872.05,3924162.61,Lake Christinaport
79677.53,5.24,8.02,4.16,42645.77,4627913.82,North Jasonville
75288.77,5.41,6.3,4.39,34348.22,3942690.56,South Anthony
59593.27,5.98,6.7,5.39,41668.91,3922726.02,Lake Kathleen
66851.63,5.71,6.31,2.52,44732.56,3816157.93,Lake Kathleen
60611.68,5.66,5.59,5.85,29704.96,3609995.44,Jenniferstad
49498.35,4.11,7.64,3.19,19544.73,3222070.07,New Deniseton
66321.37,6.04,7.19,2.0,43301.45,4178292.58,New Deniseton
82757.84,3.82,6.44,3.81,36022.7,3857006.04,Jenniferstad
75863.98,6.22,7.12,5.48,35956.03,4225616.56,East Lucas
68487.27,5.98,7.56,5.3,20552.06,3970271.17,East Lucas
73162.24,5.84,5.97,2.0,25973.17,3994877.56,Lake Kathleen
75642.28,6.06,5.42,4.79,29260.9,3883193.56,North Jasonville
81621.38,6.44,6.44,5.54,31306.59,4383342.12,Lake Kathleen
77558.58,5.14,7.35,3.62,46819.33,4302703.22,Port Adamtown
91315.84,5.39,6.81,3.25,54207.62,4752985.97,South Anthony
80937.5,7.37,6.7,3.54,21433.03,4195324.12,Port Adamtown
50051.58,4.99,6.81,3.67,44320.69,3606292.54,Port Adamtown
70011.25,5.44,7.33,3.27,33591.45,4154803.17,North Jasonville
79666.78,6.12,5.62,4.63,40557.85,4248583.49,Port Adamtown
66448.3,5.86,3.95,4.16,46873.84,3977493.83,New Michelleville
51955.78,6.12,8.64,2.3,38749.59,4112757.48,South Anthony
69119.43,6.16,6.67,4.3,19106.27,3734715.49,Lake Christinaport
62068.72,5.45,5.92,6.36,42569.59,3795416.17,New Deniseton
44806.84,6.17,7.88,2.86,16763.32,3351097.43,North Jasonville
67246.05,8.05,5.8,2.11,24439.18,3882415.69,New Michelleville
80127.22,6.36,7.92,2.34,47614.14,4771208.94,Jenniferstad
76207.56,6.11,5.87,4.65,21533.82,4071132.26,South Anthony
76122.95,5.95,7.45,2.86,30825.05,4344048.77,New Michelleville
70420.84,5.24,6.16,5.89,27623.12,3745343.0,South Anthony
57261.99,7.09,7.45,3.08,44652.07,4206326.05,East Lucas
81756.26,6.18,7.93,3.64,44464.04,4463013.54,New Deniseton
66199.26,4.57,7.33,3.2,31200.12,3608945.06,New Deniseton
62135.66,6.07,5.78,2.46,24652.36,3793781.3,North Jasonville
70567.79,6.5,7.07,2.0,49165.67,4472603.47,East Lucas
87105.39,5.47,6.81,2.34,36492.17,4332714.81,Lake Christinaport
74050.8,6.02,5.45,2.55,28854.76,3943476.25,New Deniseton
72388.0,4.74,7.61,2.55,18338.1,3656159.54,Port Adamtown
58926.75,5.94,6.55,4.09,24234.36,3711168.64,Lake Christinaport
89474.29,6.29,6.38,3.63,28569.08,4398813.27,North Jasonville
78263.78,7.14,7.03,5.86,30542.1,4244605.69,New Deniseton
86118.24,6.18,8.18,6.49,33839.72,4547671.39,South Anthony
88317.56,5.24,7.37,3.83,31674.32,4371079.04,North Jasonville
55955.85,5.21,6.62,3.8,21774.35,3613690.77,Port Adamtown
78154.37,7.79,5.63,5.79,55866.97,4805129.01,South Anthony
77108.02,6.02,6.36,3.84,39742.8,4236317.34,New Michelleville
49310.81,5.74,4.47,3.58,34238.39,3227866.33,Port Adamtown
72470.86,7.48,6.82,2.63,35612.69,4368832.87,Lake Christinaport
63756.11,7.46,8.38,4.95,38869.7,4335387.06,North Jasonville
47373.47,7.13,8.63,5.88,35225.18,3862152.51,Lake Kathleen
77106.06,5.99,7.45,4.17,35299.5,4335300.67,South Anthony
66486.91,5.54,5.19,2.04,37113.06,3829400.47,South Anthony
67969.05,6.17,7.87,3.97,29934.16,4087562.02,Rebeccaville
76682.52,3.93,6.37,7.0,22179.99,3616507.27,New Michelleville
69460.38,5.55,5.32,5.2,46812.6,4046560.15,Port Adamtown
73396.83,7.65,7.54,5.53,31533.81,4356813.05,Lake Kathleen
55269.42,5.67,8.09,4.14,39411.88,4003686.35,South Anthony
77034.24,6.51,6.44,3.87,51784.23,4493747.14,South Anthony
64739.26,6.72,6.72,5.42,39421.7,4150012.77,Jenniferstad
57662.89,3.76,7.52,3.3,38380.37,3365050.11,New Michelleville
64725.9,7.54,7.28,2.0,20121.98,4023603.28,Jenniferstad
76626.37,4.42,5.68,3.71,39710.82,4011659.59,North Jasonville
53004.72,4.78,6.04,4.59,45410.58,3456658.55,Rebeccaville
75880.2,5.12,6.16,2.0,31616.77,3906184.24,Lake Kathleen
64525.34,7.0,5.87,6.34,27008.48,3974967.61,Lake Christinaport
88562.81,7.23,6.24,2.68,42269.34,4880084.35,Rebeccaville
76353.12,4.03,8.16,4.81,31086.96,3882418.28,South Anthony
72088.75,7.31,6.72,4.02,25598.75,4270982.47,New Michelleville
77323.96,6.53,6.41,2.0,35939.02,4344469.04,Port Adamtown
63027.57,5.81,9.48,3.94,23902.43,3984717.76,East Lucas
73679.94,6.66,5.73,5.36,19769.81,4025064.59,New Michelleville
66519.84,4.92,6.26,3.1,41412.29,3923243.91,New Deniseton
62668.73,6.99,6.64,4.52,31798.01,4025682.37,New Deniseton
71336.55,7.87,7.09,4.36,19207.7,4299353.0,North Jasonville
67259.18,4.25,7.16,2.57,31954.69,3754720.25,South Anthony
83007.81,5.93,6.99,3.22,30029.84,4165950.05,North Jasonville
71929.86,5.35,7.44,4.21,30799.81,4192020.53,New Michelleville
72262.08,5.57,6.61,3.41,39742.81,4171842.67,Jenniferstad
66785.31,6.21,7.17,2.84,45195.32,4129604.18,East Lucas
82361.57,6.73,4.44,4.32,44633.36,4416279.44,Rebeccaville
48684.89,7.02,6.74,4.27,39781.23,3838774.46,Jenniferstad
48785.07,7.4,5.87,5.49,43850.8,3738668.31,Lake Kathleen
55960.23,5.07,7.12,5.26,47919.15,3927547.73,Lake Kathleen
68787.76,6.3,7.38,6.95,42165.89,4269207.99,North Jasonville
47429.59,6.59,6.61,2.49,25032.52,3560776.37,Rebeccaville
57250.62,5.38,6.33,5.11,15112.32,3434841.09,Rebeccaville
75890.66,7.16,7.6,2.98,48846.95,4700106.63,Lake Kathleen
74305.08,6.95,7.24,3.84,46597.09,4462230.54,Rebeccaville
52917.07,5.77,5.71,2.37,36986.32,3469041.17,South Anthony
76063.25,4.34,7.76,3.95,30741.55,4058393.76,Jenniferstad
85103.76,8.36,9.26,5.07,47314.63,5138060.48,Lake Kathleen
91558.99,4.51,7.23,3.66,31431.7,4316269.98,Jenniferstad
70473.9,7.71,5.72,4.84,47070.87,4446232.3,Rebeccaville
71743.74,5.12,7.29,4.96,36605.84,3964873.05,New Deniseton
67515.26,6.26,8.49,4.19,41429.99,4357132.41,North Jasonville
86735.99,6.46,6.09,4.34,43963.04,4554191.51,Lake Kathleen
74231.3,5.17,6.72,3.08,31820.57,3855972.6,Lake Christinaport
58561.64,4.93,7.65,2.32,32021.35,3693654.9,Lake Christinaport
77610.89,6.34,7.33,4.61,15085.44,4022883.67,North Jasonville
62043.29,6.11,8.31,4.01,35892.83,3886866.03,New Deniseton
74950.4,5.43,7.42,2.0,27689.81,4123492.5,Jenniferstad
54978.93,5.86,6.43,3.36,42464.01,3712651.9,South Anthony
67370.21,4.79,7.44,4.31,36852.91,4025073.04,Lake Kathleen
94653.07,5.34,7.67,3.24,16265.41,4301008.95,East Lucas
55827.24,4.75,6.2,4.33,39313.16,3684677.28,New Deniseton
71120.21,6.21,7.54,2.99,21857.28,3983894.61,South Anthony
81053.01,4.83,7.17,2.73,29531.07,4071634.13,Lake Christinaport
66099.13,5.78,8.5,5.45,26762.71,4132373.54,Lake Kathleen
80120.77,7.42,6.55,4.48,38654.26,4416683.64,Port Adamtown
73643.82,6.98,8.74,2.03,39842.03,4657153.68,Port Adamtown
62051.93,6.22,8.06,5.64,39151.06,4121632.92,New Deniseton
60165.84,7.06,6.82,3.74,45440.28,4136421.62,East Lucas
70758.0,4.55,6.33,2.0,43597.45,3900475.03,South Anthony
49478.81,4.54,6.31,3.08,47058.58,3402644.8,East Lucas
54916.31,4.69,7.63,3.48,42249.78,3825516.08,North Jasonville
70691.96,6.14,6.68,2.68,35762.16,4176077.8,Port Adamtown
55569.08,5.35,7.8,2.46,40619.19,3727132.74,New Michelleville
65904.39,4.22,8.68,4.29,40759.7,4116047.89,South Anthony
55603.42,6.89,8.87,4.41,30266.07,4063108.74,New Deniseton
81935.31,6.73,8.07,4.54,19288.09,4371087.72,North Jasonville
78202.03,5.91,6.77,4.1,38495.57,4143553.62,Lake Kathleen
73400.71,7.67,5.84,2.98,33254.61,4393925.2,South Anthony
70616.42,6.53,5.11,2.0,27006.89,3743844.51,Lake Kathleen
62881.61,5.72,8.41,5.46,40679.01,4106085.06,Port Adamtown
56212.59,4.44,7.22,3.11,23515.03,3069651.4,New Michelleville
91271.95,6.2,6.07,3.88,44815.83,4593166.87,Lake Kathleen
75180.33,6.08,8.31,4.05,40632.55,4392720.32,South Anthony
66852.8,4.41,5.53,4.46,46568.08,3774317.04,North Jasonville
73346.53,6.6,5.61,2.92,51124.93,4288384.44,New Michelleville
78827.84,5.36,8.84,2.06,34546.27,4209025.43,Port Adamtown
82588.13,5.64,5.44,4.42,44098.8,4203489.87,Rebeccaville
86600.33,5.56,7.22,4.38,26544.37,4158294.86,East Lucas
76511.08,5.55,6.01,5.47,31878.73,4249123.03,Lake Kathleen
59803.83,6.26,8.28,4.65,39459.08,4209137.11,South Anthony
69455.2,6.1,7.06,4.76,36553.28,4131560.69,Lake Kathleen
74015.08,7.05,6.76,4.78,49732.73,4653490.13,East Lucas
67720.82,5.14,6.81,5.23,54600.8,4407470.95,East Lucas
69495.29,6.17,8.05,3.27,47996.33,4275934.27,North Jasonville
35576.79,6.02,8.04,5.64,29534.06,3299290.32,Lake Kathleen
86532.05,4.9,6.96,4.55,23947.79,4228055.6,New Michelleville
66879.3,5.84,6.08,3.03,37858.37,3933273.3,Lake Kathleen
86996.92,5.04,5.6,4.24,41298.93,4304661.55,Port Adamtown
78713.51,5.36,6.92,2.74,23187.49,4006486.25,South Anthony
72992.0,6.47,7.06,5.66,29027.81,3998175.14,Lake Christinaport
90410.63,6.12,8.23,3.8,21337.42,4517198.23,Rebeccaville
61187.09,7.49,7.93,4.42,33678.77,4213375.64,New Deniseton
98185.81,5.53,7.74,5.86,47463.0,4977096.3,Lake Christinaport
69613.57,6.27,7.32,3.8,39651.65,4253054.34,South Anthony
48727.18,5.79,6.57,3.84,26842.53,3505448.59,New Deniseton
61015.59,5.41,6.94,3.19,33767.75,3671845.26,New Deniseton
69887.1,5.0,7.53,4.71,23118.63,3619130.3,New Deniseton
49062.62,7.19,6.38,5.34,41997.86,3754744.11,Lake Christinaport
67098.51,4.52,6.49,3.61,52929.93,4020317.78,New Michelleville
63633.59,8.06,7.47,5.44,49076.51,4527569.45,Lake Christinaport
60920.87,6.04,7.32,5.24,41766.68,4021795.27,New Deniseton
62607.83,3.76,8.14,4.02,31329.31,3800714.2,Lake Christinaport
60095.64,6.15,6.54,2.0,19925.47,3668020.81,South Anthony
70738.26,6.83,6.16,2.0,33731.52,4128692.05,Rebeccaville
71600.83,5.85,6.84,3.19,28449.84,3927772.64,Lake Kathleen
67123.72,9.38,6.58,4.55,38809.78,4615877.16,North Jasonville
69273.81,6.07,9.38,5.35,43527.83,4603351.69,Rebeccaville
71876.39,5.27,6.42,3.17,31361.02,3957982.29,Lake Christinaport
74655.74,4.39,8.48,4.06,33687.27,3940724.2,East Lucas
71012.07,5.33,7.28,3.73,35268.16,4124823.36,Lake Christinaport
88571.57,6.68,6.63,2.0,20142.99,4273177.41,South Anthony
86919.67,5.62,7.11,4.74,20809.49,4126639.24,Port Adamtown
57398.71,4.93,6.16,4.15,28307.5,3423263.15,Rebeccaville
57230.28,5.61,8.23,5.06,28661.75,4002456.0,Jenniferstad
57553.08,5.66,6.74,4.29,21550.29,3583630.32,East Lucas
76860.59,5.46,6.95,2.55,19415.54,4002868.6,New Deniseton
62183.76,8.49,8.16,4.06,31112.67,4511900.42,Lake Kathleen
81267.79,6.22,7.22,5.11,40712.41,4719722.64,South Anthony
58693.89,8.12,8.37,5.54,27666.22,4180390.41,Lake Kathleen
53231.4,4.29,8.04,2.86,17435.18,3202472.45,North Jasonville
50082.14,5.83,7.61,4.01,46716.83,3953051.07,Jenniferstad
50791.76,6.45,9.04,3.97,47055.84,4244185.42,Lake Christinaport
64126.2,6.14,7.12,5.79,26654.56,3928259.81,New Deniseton
90504.45,5.54,7.39,4.86,24185.44,4370197.61,New Michelleville
76284.44,5.07,5.72,4.48,44099.75,4167957.1,South Anthony
69944.45,6.38,6.38,3.84,50715.0,4358579.81,North Jasonville
60953.24,6.31,9.0,5.91,40183.97,4314835.97,Lake Christinaport
64985.2,7.53,8.17,3.62,45994.03,4510366.55,South Anthony
60196.95,6.87,5.35,5.56,32839.77,3824245.63,South Anthony
64277.64,5.91,7.69,2.55,35264.32,4016905.63,North Jasonville
70698.22,6.45,8.48,5.38,54994.0,4888456.66,Lake Christinaport
75467.89,5.72,9.5,3.32,42412.65,4532312.64,Lake Christinaport
64734.69,6.06,7.6,2.96,46286.59,4219567.23,Lake Kathleen
75527.39,8.47,7.36,4.03,46642.34,4938190.93,Rebeccaville
67786.06,4.83,7.68,4.9,39597.57,4043915.2,New Michelleville
64484.74,4.61,8.05,4.18,35268.33,3758375.51,Lake Christinaport
73246.38,7.55,6.71,2.44,36146.79,4424410.1,South Anthony
63157.98,5.63,7.72,5.69,21208.86,3539849.58,Jenniferstad
69471.64,5.27,7.18,4.02,42628.09,4038486.49,Rebeccaville
68368.18,6.69,6.74,3.11,16781.16,3885490.32,South Anthony
79764.2,5.37,7.22,4.64,40642.5,4386103.14,Port Adamtown
67734.11,5.01,6.02,3.41,40421.13,3863073.8,New Deniseton
72377.15,6.2,8.21,5.19,5630.87,3823629.73,North Jasonville
57659.75,7.47,5.65,2.72,42635.11,3879350.7,New Michelleville
66164.83,6.93,6.96,2.23,20261.64,3768898.93,Port Adamtown
82486.98,5.6,7.56,4.65,37566.93,4363081.24,Rebeccaville
83064.21,6.38,8.18,3.88,34496.68,4412042.63,Jenniferstad
75869.07,6.07,6.43,4.16,34785.16,4072924.83,East Lucas
62836.54,4.8,7.14,3.43,32012.52,3650556.14,Lake Kathleen
60007.91,5.3,6.27,4.68,53661.2,3692692.48,Port Adamtown
59799.69,6.75,7.5,2.0,49784.93,4227135.52,South Anthony
62684.63,7.57,7.53,5.16,48311.69,4402128.48,East Lucas
72512.55,7.34,6.56,3.79,41342.25,4336708.44,Lake Christinaport
60931.2,6.53,7.08,3.37,32765.04,3904963.88,East Lucas
57625.8,6.44,6.04,3.97,28683.96,3729983.68,North Jasonville
55954.72,5.02,6.51,2.0,993.29,3072614.05,Rebeccaville
60828.58,6.98,7.89,3.97,26143.84,4058308.09,Lake Christinaport
46437.56,6.29,6.58,2.0,30718.98,3628550.08,Lake Christinaport
52486.78,5.57,7.25,3.04,46443.93,3833299.26,Rebeccaville
58135.68,5.41,6.17,3.96,47520.04,3893767.83,Lake Kathleen
64928.44,5.33,8.03,3.79,22040.62,3773021.09,North Jasonville
85902.04,5.7,7.73,4.49,18990.09,4266810.9,Lake Christinaport
76915.91,6.77,6.95,4.39,44862.81,4539132.46,South Anthony
70875.62,7.4,7.52,6.14,19482.8,4179981.54,New Michelleville
51563.6,6.06,7.24,5.34,30446.05,3692860.61,Rebeccaville
63061.63,5.75,5.3,2.37,17696.47,3442566.8,Rebeccaville
75380.3,7.18,7.36,2.03,51781.78,4689097.3,South Anthony
82202.7,6.52,8.65,4.54,37230.89,4666863.34,Lake Christinaport
43719.1,4.5,5.31,2.29,14741.55,2672224.67,Lake Christinaport
83141.36,6.04,6.56,2.98,33201.12,4274774.67,North Jasonville
66708.42,8.32,7.81,4.28,52815.74,4746669.0,North Jasonville
78349.13,5.68,7.3,5.0,17344.35,3943146.73,East Lucas
62472.91,5.21,6.49,3.79,31620.27,3738398.65,East Lucas
67954.3,6.66,7.41,3.45,39290.92,4374867.44,Lake Kathleen
55700.32,6.66,5.89,3.49,37355.12,3974067.01,Port Adamtown
69535.12,4.0,6.84,5.24,15962.84,3523895.6,East Lucas
85084.92,5.29,7.4,4.79,35339.24,4476194.79,New Michelleville
82593.63,4.27,5.91,4.09,24094.9,3910532.35,East Lucas
77431.49,7.01,6.87,4.78,30824.78,4329143.46,Port Adamtown
59974.65,4.39,5.98,4.78,13191.46,3258969.69,Lake Kathleen
65989.84,5.35,7.03,4.23,44884.6,3974654.7,Lake Kathleen
62307.34,6.69,6.41,3.84,32851.02,4174771.45,New Deniseton
72259.85,5.81,6.27,4.49,31192.22,3906164.89,North Jasonville
79075.7,6.47,6.91,5.92,34914.24,4437078.97,Lake Kathleen
55965.92,5.96,7.92,4.88,29532.21,3907378.02,Rebeccaville
62859.54,5.76,7.15,4.67,33897.36,3864964.6,Port Adamtown
78502.81,4.86,8.05,6.79,41071.82,4201067.74,Lake Kathleen
80357.86,5.63,7.81,2.0,25802.8,4116275.42,Rebeccaville
55658.91,6.01,6.43,4.25,45903.46,3867572.22,Lake Christinaport
67740.25,6.8,6.78,4.16,28191.27,4148228.39,New Michelleville
81795.15,4.03,6.51,3.17,41037.48,4173374.5,New Michelleville
81722.09,7.34,8.06,2.0,24602.76,4493999.11,Lake Kathleen
64664.9,6.62,8.16,4.17,28992.46,4162716.43,South Anthony
80101.1,5.03,7.33,3.07,48959.48,4336560.23,Jenniferstad
72529.63,7.55,6.39,2.58,27137.71,4224604.04,New Michelleville
58352.02,5.9,5.53,5.42,20930.02,3329490.37,North Jasonville
86609.0,4.68,5.42,3.83,29676.94,3984732.81,North Jasonville
64202.67,4.87,8.8,2.0,13332.09,3640904.98,Lake Christinaport
67315.16,6.47,6.0,4.36,45279.8,4148899.29,South Anthony
51712.57,6.03,7.63,3.06,28594.99,3721760.48,Lake Christinaport
63276.89,6.06,6.55,2.26,27952.57,3684232.06,South Anthony
60953.23,4.87,6.95,3.23,42488.38,3919303.54,Lake Christinaport
49606.22,5.02,8.38,5.16,40223.72,3578591.24,New Michelleville
73219.07,5.57,7.58,2.5,42962.93,4255321.22,Lake Christinaport
60953.17,5.75,6.31,3.98,32657.5,3746824.35,Port Adamtown
78456.95,7.04,6.97,3.99,33889.75,4532211.93,New Michelleville
65387.3,6.22,7.08,4.06,43880.96,4072799.78,Rebeccaville
80629.76,6.52,8.9,5.26,43563.61,4588253.08,New Deniseton
69166.31,4.41,4.32,2.47,43946.11,3694237.93,Lake Christinaport
66568.75,6.05,6.06,4.55,25601.87,3779874.49,New Michelleville
66445.73,5.88,7.08,4.92,39015.61,4109666.36,Port Adamtown
59546.92,7.38,6.11,2.44,17399.96,3690410.28,South Anthony
63278.49,5.17,7.14,4.04,55402.96,4263226.63,New Deniseton
77361.81,6.12,6.29,4.18,21467.81,4013924.99,Jenniferstad
77260.03,6.04,6.26,3.9,18981.49,3798019.19,Rebeccaville
67176.34,7.01,6.22,6.15,61768.09,4587461.62,South Anthony
67633.69,7.69,8.41,3.13,43429.73,4770123.98,East Lucas
53991.36,6.11,7.49,3.11,24895.22,3717945.66,Lake Christinaport
63284.78,6.29,6.68,2.54,35568.37,3966908.47,Port Adamtown
62899.74,5.52,8.42,4.17,36043.34,4095789.9,Rebeccaville
54440.05,4.0,6.6,3.65,30188.43,3233166.4,Lake Christinaport
81306.78,5.38,3.86,3.32,19767.46,3648190.23,Lake Kathleen
66417.74,5.87,7.74,5.85,38172.13,4271606.56,North Jasonville
67259.22,6.48,8.17,3.46,44979.95,4380273.55,East Lucas
76866.14,3.9,6.2,3.46,41626.74,3872592.74,East Lucas
58766.71,5.79,6.97,2.0,21934.73,3608954.7,New Deniseton
75854.97,6.93,7.82,4.84,36207.32,4349673.98,New Michelleville
44442.8,5.96,6.91,4.97,40966.23,3645636.1,Jenniferstad
62433.13,5.38,7.95,5.42,41775.68,4111009.67,New Michelleville
47144.26,6.98,6.18,3.46,32154.63,3543738.15,South Anthony
81733.14,6.68,6.18,2.35,50741.66,4540487.54,Rebeccaville
76475.49,4.57,7.29,4.62,56710.4,4161546.83,Port Adamtown
61745.87,4.16,4.54,3.37,30470.95,3112350.75,East Lucas
68640.36,5.77,7.64,4.33,26235.01,3894318.43,Port Adamtown
59499.28,6.8,6.57,3.07,33099.14,3972976.31,New Deniseton
72977.01,5.19,6.53,4.37,41733.0,4011444.55,New Michelleville
76823.29,6.63,6.98,4.22,33019.18,4463852.05,Lake Christinaport
62072.13,6.47,6.7,3.94,47503.86,4222812.35,North Jasonville
72695.13,4.57,7.01,3.6,30213.11,3606146.03,East Lucas
59467.53,6.04,6.75,5.28,32905.73,3813711.45,Port Adamtown
65083.51,4.8,4.86,4.56,31579.09,3399637.64,East Lucas
70922.07,5.44,5.37,3.77,49940.34,4112881.93,East Lucas
76736.46,6.68,6.92,6.87,35739.5,4445734.74,Lake Christinaport
61557.46,8.84,8.04,4.72,30867.38,4332505.17,Lake Christinaport
67433.01,6.41,8.69,4.49,28015.34,4227627.73,East Lucas
73400.4,3.13,7.36,3.89,39131.38,3836732.04,Rebeccaville
76802.07,6.23,7.65,3.38,45447.81,4399828.37,East Lucas
83540.82,6.27,6.32,2.78,30715.71,4279342.62,Lake Christinaport
66840.7,6.16,6.93,5.11,25332.06,3949289.52,North Jasonville
89169.57,5.07,6.28,3.18,38715.28,4387436.01,North Jasonville
60124.28,6.43,5.64,3.15,24398.86,3682349.47,Lake Christinaport
77663.75,4.85,4.55,5.32,39641.08,4002298.13,Jenniferstad
85734.51,4.25,6.19,2.3,39126.99,3950281.9,Lake Kathleen
88466.99,5.27,6.95,3.65,27750.33,4211181.74,Rebeccaville
67493.41,5.84,6.17,4.19,31478.62,3748979.59,East Lucas
57425.0,5.79,7.6,2.45,26155.77,3906026.26,New Michelleville
52405.23,7.36,4.76,4.91,25418.24,3443457.83,Port Adamtown
64081.84,6.99,8.58,5.72,39266.78,4347768.17,Lake Kathleen
49076.15,5.32,8.88,2.0,31482.2,3614902.48,New Michelleville
60263.16,6.66,8.12,5.47,32768.16,4223961.6,North Jasonville
49258.14,5.28,6.38,4.88,50042.5,3691877.11,Rebeccaville
72217.14,7.26,7.78,3.8,38003.29,4473925.09,New Michelleville
80490.37,5.07,6.74,3.62,40255.92,4363503.3,Port Adamtown
66951.62,7.97,9.22,5.82,39510.23,4682708.54,New Michelleville
84193.09,6.95,6.82,5.02,43972.05,4645527.18,New Deniseton
65008.84,6.3,4.68,4.25,28111.2,3652425.28,Port Adamtown
75441.04,5.79,6.76,2.55,30974.58,4065909.14,North Jasonville
58463.68,5.77,5.62,5.15,35655.57,3661542.16,Lake Christinaport
71138.9,5.83,7.73,4.13,52274.81,4521928.15,Rebeccaville
77334.95,6.42,9.45,2.03,27528.27,4432822.46,New Michelleville
72424.59,5.52,6.96,3.73,43634.7,4207319.8,New Michelleville
79852.89,5.23,7.76,2.98,36121.45,4201094.7,South Anthony
70416.66,7.33,5.39,3.14,43884.46,4113946.47,Lake Kathleen
69681.81,5.88,7.81,4.95,46846.57,4035841.56,New Michelleville
70572.36,3.97,7.46,3.8,42694.36,4037446.35,New Deniseton
81679.3,4.38,6.26,5.03,26899.24,3935123.38,New Deniseton
72932.31,6.8,6.41,4.62,30523.63,4350115.05,Lake Christinaport
73731.07,5.63,7.53,2.95,21790.26,3834836.77,Jenniferstad
70953.61,6.38,5.7,5.1,40275.34,4074483.22,New Michelleville
81347.45,5.97,5.79,3.1,32893.29,4068214.7,Lake Kathleen
43643.41,6.88,7.09,4.87,36451.76,3628749.76,South Anthony
61994.49,6.03,7.32,3.69,40721.42,4057240.33,Lake Kathleen
69258.06,6.65,6.86,5.04,30075.38,4089349.66,Lake Kathleen
70162.66,4.47,7.93,5.29,44806.42,4011713.24,New Deniseton
52859.07,6.0,6.78,2.87,32863.93,3593626.72,New Michelleville
85332.46,5.27,6.54,4.05,46753.75,4347808.34,East Lucas
70647.34,4.46,6.45,6.92,24859.01,3848063.5,Lake Kathleen
62879.15,5.72,6.35,3.23,44979.3,4002638.11,East Lucas
83689.9,7.08,7.52,3.99,33356.21,4280120.63,North Jasonville
78901.39,6.89,4.8,3.83,43956.42,4282444.98,Rebeccaville
52862.6,6.59,6.25,3.54,38875.2,3827985.77,Rebeccaville
45229.31,5.16,6.85,3.07,44298.15,3588919.92,New Michelleville
59339.32,6.17,5.45,3.64,37338.37,3658536.03,New Michelleville
77940.33,4.96,5.98,4.48,34313.2,3783532.46,New Michelleville
77557.34,5.4,6.31,4.22,45578.51,4244367.75,New Michelleville
72341.04,7.96,4.97,2.0,39406.43,4372227.99,East Lucas
77547.57,4.84,7.85,3.26,46122.65,4316222.97,Port Adamtown
66584.25,6.23,6.07,5.19,31283.01,3831634.65,East Lucas
81512.27,4.08,9.21,4.99,33093.71,4213503.53,Jenniferstad
77859.78,4.83,7.25,3.72,41542.48,4126442.58,Jenniferstad
58909.63,5.48,5.26,4.39,41527.61,3647320.45,Rebeccaville
68016.74,5.6,7.09,2.9,31593.71,4013321.19,New Deniseton
69520.0,6.28,7.01,2.0,36997.31,4108037.95,New Michelleville
77825.54,5.0,5.62,3.25,23672.49,3751698.47,Rebeccaville
58505.05,6.42,6.02,3.1,34693.29,3874082.47,New Deniseton
67889.23,5.26,9.59,3.34,29015.9,4079276.65,Rebeccaville
74807.17,6.54,5.26,5.09,23821.95,3939794.43,North Jasonville
63416.86,4.16,8.14,4.0,48039.82,3940739.64,East Lucas
78621.6,5.55,7.24,4.28,52038.28,4491060.17,Lake Kathleen
76964.22,6.68,8.06,2.83,41880.56,4493376.32,Jenniferstad
62542.17,5.83,7.89,2.89,20494.03,4015336.12,New Deniseton
68387.01,4.61,6.58,4.42,36769.33,3751192.13,Port Adamtown
70852.8,7.32,8.76,4.85,24994.73,4215868.38,South Anthony
68378.55,5.41,8.33,2.39,28087.56,4024850.09,Lake Kathleen
57170.32,7.04,5.32,5.02,41152.27,3943490.37,Rebeccaville
60395.3,7.18,5.95,6.33,18701.47,3447309.53,Port Adamtown
87581.5,6.44,7.43,5.45,32677.57,4564068.34,Port Adamtown
64014.29,6.26,7.64,4.88,28531.25,3980588.83,North Jasonville
74383.13,5.47,6.78,3.16,20248.83,3732196.31,New Deniseton
63160.78,6.66,7.52,2.7,37352.41,4018361.07,Lake Kathleen
47727.82,4.55,7.04,3.66,39065.15,3708447.84,Port Adamtown
90681.26,4.93,8.47,3.75,28780.03,4492785.76,New Deniseton
59619.28,4.71,8.02,6.06,33280.22,3677816.87,Lake Kathleen
69553.46,5.24,6.39,4.28,49530.34,4035000.5,New Michelleville
59346.81,7.42,5.23,5.55,30738.75,3779486.82,New Deniseton
64035.8,4.51,7.31,4.42,47574.23,3933075.33,Jenniferstad
67424.01,4.5,6.7,2.49,51018.33,4029422.84,Lake Kathleen
63532.98,6.47,4.8,4.52,41441.38,3847681.39,North Jasonville
73517.55,6.06,7.0,4.09,32840.98,4235653.14,New Deniseton
86804.74,4.78,7.83,4.93,42964.51,4410222.38,South Anthony
64862.43,5.21,7.78,2.69,39581.42,4070020.42,South Anthony
81756.28,5.52,7.36,2.28,31899.64,4250648.96,New Michelleville
61727.78,6.4,7.28,3.6,13943.9,3711064.27,New Deniseton
72981.6,5.71,7.15,4.65,44173.57,4277824.09,Port Adamtown
62196.93,7.32,6.07,2.8,35539.59,4055368.3,East Lucas
68126.16,6.42,7.75,4.86,33622.29,4237214.2,Port Adamtown
67928.81,6.14,4.58,3.25,35775.69,3813690.23,East Lucas
82343.53,5.22,7.8,4.49,37594.28,4482386.4,Lake Kathleen
75959.13,4.4,6.1,3.06,32566.53,3863102.95,North Jasonville
73727.73,5.5,7.29,4.6,48343.6,4395529.43,South Anthony
65499.19,3.48,6.75,3.86,32377.36,3365952.51,Port Adamtown
78055.22,5.36,6.8,6.12,15465.31,3728469.43,North Jasonville
78304.43,7.58,8.25,4.4,26083.8,4569170.96,Lake Kathleen
70692.33,7.04,7.46,4.2,29302.3,4090514.09,North Jasonville
62761.4,6.48,6.71,4.6,30427.96,3862229.73,Lake Kathleen
71313.89,5.75,6.95,2.49,37191.09,4107598.97,Lake Christinaport
53761.88,7.01,6.15,5.41,21343.39,3581173.28,Lake Christinaport
80006.72,6.46,7.44,3.83,32198.91,4210005.73,South Anthony
47699.62,5.01,6.09,2.16,23514.27,3147438.91,Lake Kathleen
81310.7,6.81,8.32,2.0,30684.15,4547976.14,East Lucas
59015.81,6.06,7.91,3.3,24427.06,3837876.94,New Deniseton
61652.08,5.48,8.63,3.35,27992.07,4141885.29,New Deniseton
63833.69,5.8,5.71,5.46,33584.26,3880364.91,New Michelleville
75941.39,5.97,6.98,6.66,30267.14,4189231.58,South Anthony
63242.59,5.51,7.43,5.89,21359.64,3572991.61,Rebeccaville
78049.66,5.65,7.36,3.73,33312.8,4364897.87,Lake Kathleen
80421.85,5.39,7.25,2.0,39186.88,4207953.02,Lake Kathleen
79079.66,5.22,7.77,7.0,37734.27,4381858.22,East Lucas
58108.1,6.38,6.78,3.37,35495.39,3623682.17,Rebeccaville
82498.89,6.26,7.26,3.55,30289.51,4249508.24,New Michelleville
62593.36,6.53,6.85,4.79,29390.65,3820566.6,Port Adamtown
91624.12,3.95,5.14,3.78,40604.95,4060460.58,South Anthony
64046.3,5.43,8.07,3.33,49430.81,4264438.65,South Anthony
44781.95,8.09,7.97,2.0,40196.57,3969040.55,Lake Kathleen
79673.12,5.15,8.47,2.0,23911.73,4035873.36,Rebeccaville
66209.47,6.02,7.4,3.96,21970.91,3864477.55,Port Adamtown
56870.26,5.73,5.98,6.81,43976.91,3814643.65,South Anthony
57718.52,6.45,6.51,3.59,29359.51,3828976.58,Port Adamtown
86532.51,6.2,7.55,5.74,33535.5,4591027.13,Rebeccaville
66565.62,4.38,6.07,5.54,33102.98,3534118.1,New Deniseton
64701.53,6.6,7.22,2.56,31497.71,3992107.55,Jenniferstad
70589.43,7.39,7.77,4.22,31275.52,4616491.09,Jenniferstad
73727.99,5.3,8.38,2.72,46734.22,4340045.01,Rebeccaville
55970.59,6.32,7.55,2.36,43829.62,3913221.22,New Michelleville
71300.2,7.19,6.37,4.52,43605.61,4450966.82,New Michelleville
60588.06,7.39,5.59,5.45,30463.92,3917596.35,Port Adamtown
68366.74,7.04,5.98,2.52,37909.67,4236198.7,South Anthony
69615.55,5.53,6.38,2.86,37892.93,3909654.9,New Michelleville
103444.08,7.15,8.44,3.07,45698.5,5387079.49,New Michelleville
82166.71,5.54,5.38,4.82,23847.93,3864235.12,South Anthony
99587.93,5.66,7.42,2.32,33211.6,4696563.42,East Lucas
65611.72,5.89,6.85,3.48,35592.56,4086844.79,North Jasonville
79252.7,6.82,7.1,3.97,42860.8,4596669.58,North Jasonville
71239.16,5.85,8.05,2.62,45892.33,4392441.11,Port Adamtown
84998.77,5.37,7.94,4.13,48492.75,4625483.47,New Michelleville
46773.12,5.62,8.45,6.32,43879.3,3863608.3,Lake Kathleen
54096.93,5.14,6.96,3.13,42124.34,3770649.14,Lake Kathleen
50222.75,4.8,6.39,4.46,50411.56,3606834.52,Rebeccaville
78003.55,6.28,6.47,4.99,34054.16,3938934.47,North Jasonville
59691.86,6.15,7.21,2.95,31527.22,3806464.36,Lake Christinaport
72127.76,4.67,7.51,4.61,41963.68,3767344.45,East Lucas
72203.68,5.9,5.6,2.39,46573.35,4148642.92,South Anthony
65719.09,5.22,7.3,3.86,30537.06,4004650.36,North Jasonville
78538.39,4.69,7.39,2.99,36341.48,4122877.07,Jenniferstad
66338.17,5.59,8.43,5.75,41196.92,4272865.19,New Deniseton
79443.04,6.66,6.2,4.51,45562.11,4490822.9,Lake Kathleen
61633.94,6.14,8.41,5.83,27718.06,4009755.94,Lake Kathleen
73673.83,8.91,8.76,4.11,46502.35,5227425.89,North Jasonville
75649.85,5.61,6.74,2.71,33519.46,4009107.94,Lake Christinaport
51927.58,6.55,5.66,2.81,38789.89,3647621.32,New Michelleville
70198.27,6.38,6.91,3.78,49199.74,4260592.55,North Jasonville
65144.9,3.62,6.3,5.23,22236.96,3382953.48,East Lucas
60264.46,7.92,6.77,3.42,39594.12,4332839.17,New Michelleville
94939.02,7.09,8.68,3.37,51151.34,5243533.12,Jenniferstad
78115.71,4.73,5.45,6.93,35422.51,3920776.33,Rebeccaville
80577.42,4.7,7.5,5.03,45306.62,4495979.82,Jenniferstad
88486.21,5.51,4.87,4.19,20289.83,4092519.19,Lake Kathleen
76110.07,5.3,7.99,4.53,43295.5,4367535.1,New Deniseton
62727.71,6.11,6.24,4.42,54232.94,4144978.18,Lake Kathleen
84278.34,6.95,6.7,7.0,55675.72,4992031.27,Port Adamtown
58209.25,6.28,7.75,4.2,27941.97,3880126.42,Lake Christinaport
55637.82,5.5,7.93,6.01,34114.5,3846192.35,North Jasonville
72416.88,5.48,7.04,3.33,38023.27,4095227.01,North Jasonville
76010.13,5.67,6.23,6.71,50276.48,4485744.19,Lake Christinaport
61214.52,6.46,7.58,4.46,30217.25,3876185.73,North Jasonville
63966.05,5.29,6.2,5.96,40199.62,3855937.08,North Jasonville
60845.13,5.14,6.09,5.73,26742.57,3632288.36,New Michelleville
73573.69,5.55,7.21,3.33,30304.73,4175984.06,Jenniferstad
68380.93,6.93,7.12,4.71,33465.77,4179498.28,Rebeccaville
64090.48,5.2,8.25,4.0,43189.19,3937693.78,North Jasonville
67597.35,3.48,9.2,2.61,51505.56,4166765.46,East Lucas
79985.1,4.14,7.34,4.92,34520.3,4053374.34,Rebeccaville
67583.57,6.22,9.45,3.03,32502.8,4461810.32,Lake Kathleen
67068.88,5.54,7.94,6.31,34001.72,4171869.44,North Jasonville
65025.13,7.14,6.57,4.45,36258.88,4276743.52,Port Adamtown
85104.13,3.97,6.46,3.3,39470.63,4176951.77,New Deniseton
74487.93,6.43,5.75,2.0,51434.5,4219761.35,New Michelleville
81509.39,5.67,5.46,2.0,24933.87,3776382.19,East Lucas
71998.54,6.63,9.17,4.12,36082.43,4372751.29,Port Adamtown
52036.61,5.7,5.83,2.0,24141.08,3538336.82,Lake Kathleen
64269.17,7.54,7.61,2.41,37459.21,4400496.45,South Anthony
70435.99,5.91,7.05,6.3,34166.61,3929295.24,North Jasonville
81742.97,7.7,7.6,5.3,45271.27,4715503.2,New Michelleville
43140.92,7.04,5.84,3.2,36227.44,3730342.01,Lake Kathleen
75896.62,5.18,8.23,4.16,29881.27,4134566.94,New Deniseton
80900.32,6.0,6.64,2.99,34885.8,4380280.92,New Deniseton
57786.86,5.02,8.12,4.32,25404.86,3559628.2,Jenniferstad
52647.89,7.38,7.03,4.29,39563.22,4042373.21,East Lucas
101989.4,5.41,8.56,2.51,38448.47,5020655.06,Rebeccaville
68309.01,5.79,9.47,3.41,37894.16,4414030.22,New Michelleville
61023.95,7.41,6.45,4.74,38340.23,4092936.26,New Deniseton
70021.52,4.68,7.23,3.24,25722.91,3611377.66,North Jasonville
79158.01,3.87,8.34,2.15,42010.6,4242654.38,Lake Kathleen
60749.37,4.1,6.12,5.69,37469.11,3566306.45,East Lucas
83233.35,7.66,8.07,6.28,46625.89,4843591.92,New Michelleville
50949.7,7.18,6.25,4.2,35888.82,3803337.43,North Jasonville
67305.16,5.7,6.1,3.51,38114.65,4052612.0,Lake Kathleen
68967.46,4.14,5.95,4.46,32444.71,3393361.08,Rebeccaville
84351.23,7.02,7.74,2.91,42753.01,4930984.89,Rebeccaville
67119.13,4.94,8.26,3.05,38955.62,4012775.4,North Jasonville
67355.57,6.48,7.56,4.97,33347.93,4158194.8,Jenniferstad
65111.19,4.57,8.04,2.22,25610.92,3723995.48,New Michelleville
42711.44,7.66,7.06,4.34,46772.16,4032968.54,Port Adamtown
63126.68,6.15,8.04,3.8,23491.57,3971890.82,North Jasonville
92520.25,7.6,6.91,5.32,42075.98,4829793.0,North Jasonville
66906.73,5.81,6.29,4.2,24997.57,3635886.09,Lake Kathleen
76759.26,4.97,7.72,2.0,36045.15,4073837.8,New Deniseton
65157.62,6.65,6.6,5.72,40248.39,4288347.69,Jenniferstad
71204.64,6.48,8.05,4.83,26951.9,4161793.76,Rebeccaville
65679.9,7.26,6.73,4.38,48228.91,4315961.46,Rebeccaville
59834.13,5.21,7.23,2.0,38253.66,3788652.4,Jenniferstad
73163.25,6.32,6.05,2.33,50017.29,4192937.17,Lake Kathleen
60343.18,4.86,6.22,5.15,47093.92,3800769.48,East Lucas
79152.94,3.09,5.13,4.03,41998.98,3599515.82,Jenniferstad
75854.05,3.53,7.3,4.9,44554.98,4097675.68,New Deniseton
60189.88,7.54,6.88,5.05,31461.84,3983965.6,New Deniseton
60553.6,3.51,8.47,3.17,30928.98,3472277.74,Lake Christinaport
81706.34,6.15,6.71,4.74,34820.28,4378578.16,New Deniseton
80105.96,5.82,6.06,4.28,34846.43,4277012.18,North Jasonville
64601.87,5.69,4.74,5.17,39369.74,3707807.25,Port Adamtown
66702.25,6.21,5.43,3.35,41848.55,4017443.08,Jenniferstad
65325.36,6.08,6.33,2.43,50737.85,4149514.8,Lake Kathleen
83286.76,5.2,6.33,4.1,41304.96,4218801.27,Lake Christinaport
77267.38,6.17,6.75,4.81,47985.63,4368432.1,Lake Kathleen
73767.68,6.55,6.22,3.44,39507.38,4241817.36,New Michelleville
58895.56,5.36,6.75,3.15,16654.03,3489257.6,East Lucas
57340.22,5.25,7.04,5.16,25430.08,3551057.47,Lake Kathleen
78593.18,5.73,6.45,6.35,17918.8,3909059.13,South Anthony
86375.3,5.34,8.03,3.87,17148.54,4204078.48,Rebeccaville
39518.7,4.69,7.95,4.31,24477.53,3201105.18,New Deniseton
51502.51,4.18,5.57,3.77,34483.8,3347130.03,Jenniferstad
75368.34,5.69,7.15,3.45,30736.17,4087980.38,North Jasonville
65991.72,5.37,9.24,2.0,27847.27,4052275.33,Lake Kathleen
58505.8,7.38,5.58,3.26,42397.1,3914271.36,Jenniferstad
75812.53,5.36,8.2,3.57,19458.62,4077592.58,North Jasonville
54415.55,4.92,8.2,3.76,29476.67,3432482.7,Lake Kathleen
78214.26,5.8,6.73,5.34,29609.81,4132518.22,Port Adamtown
63916.0,7.3,6.41,2.0,43642.33,4220785.47,South Anthony
86229.36,4.66,7.07,2.54,28916.23,4082216.59,Port Adamtown
66401.06,7.02,5.83,4.6,33837.25,3904017.5,New Michelleville
78956.71,6.74,6.64,4.65,56494.47,4710908.52,Rebeccaville
63732.43,6.9,7.21,5.31,49997.1,4288334.99,East Lucas
58139.58,5.45,6.87,4.48,26173.38,3589694.52,South Anthony
62202.7,5.46,6.49,2.58,31880.74,3752233.61,East Lucas
69229.61,4.79,6.31,2.79,42986.26,3837851.06,Rebeccaville
52219.13,6.57,7.79,3.0,42199.84,3968106.21,South Anthony
80379.21,5.16,6.58,4.3,39021.39,4324772.24,Port Adamtown
68272.79,5.69,6.14,3.83,37937.67,4039883.22,Jenniferstad
43697.75,5.11,5.88,4.5,39026.95,3343099.45,New Michelleville
52741.38,6.07,7.39,3.51,19400.41,3446440.97,Port Adamtown
56414.53,6.25,7.84,5.14,24557.38,3793120.48,New Michelleville
56684.08,6.7,5.65,3.73,47149.92,3911378.01,North Jasonville
70594.6,6.6,7.42,2.27,36223.91,4330543.2,North Jasonville
66475.34,6.9,6.96,2.09,2365.49,3665431.34,South Anthony
72778.28,5.32,8.42,5.33,50777.26,4509510.71,Lake Kathleen
60907.41,6.95,7.37,5.48,40252.5,4071676.67,Jenniferstad
78854.58,5.41,7.05,2.0,33146.27,4043439.55,South Anthony
61110.16,6.65,7.14,2.57,32725.04,4001851.21,Lake Christinaport
59866.52,7.3,6.47,5.2,38578.31,4026959.92,Lake Kathleen
73517.1,7.13,6.85,5.49,24447.42,4308371.0,South Anthony
57758.28,5.59,7.11,2.43,33920.2,3794986.73,Lake Kathleen
78363.97,4.9,7.18,3.43,32158.93,4028750.96,North Jasonville
84717.93,5.98,6.41,2.3,16344.61,4139919.22,Jenniferstad
78808.61,7.62,8.2,3.83,38534.87,4631989.75,North Jasonville
59512.69,5.38,6.32,4.08,39449.18,3780932.93,Port Adamtown
63083.87,5.79,5.18,2.0,39313.79,3918815.65,Lake Christinaport
74787.19,6.47,6.03,3.2,36044.51,4224937.23,Jenniferstad
66412.11,6.9,8.36,5.8,50182.69,4726622.13,New Deniseton
83274.53,5.64,6.27,2.36,40647.66,4455481.65,Jenniferstad
83483.8,6.75,6.65,3.59,50849.25,4695993.61,Port Adamtown
80647.83,5.78,7.75,5.52,35179.97,4200193.16,North Jasonville
85792.09,7.28,7.57,5.45,44111.79,4778993.87,Lake Christinaport
59714.42,7.26,6.75,3.6,18634.68,3671585.08,North Jasonville
61976.92,6.52,7.83,4.02,19504.97,3884398.2,South Anthony
74767.04,5.6,8.06,3.24,36394.24,4233733.72,Rebeccaville
87829.05,5.8,6.11,5.55,32170.78,4264508.18,South Anthony
58947.03,7.06,7.45,3.58,29572.86,4096602.81,New Michelleville
66193.32,5.6,7.66,2.0,27213.88,3957611.39,East Lucas
73899.94,6.63,7.44,4.28,23609.79,4063130.94,Jenniferstad
67540.17,5.17,7.31,4.48,54163.99,4023763.09,Jenniferstad
45223.88,4.7,7.67,3.87,37912.36,3586412.94,North Jasonville
62670.27,4.83,6.6,4.51,38481.3,3790343.83,Rebeccaville
63737.63,6.88,6.81,6.14,46016.02,4129477.26,South Anthony
64614.39,5.14,8.93,3.69,41297.03,4167089.49,East Lucas
57868.78,6.13,9.48,2.0,55458.74,4583342.93,Port Adamtown
65929.85,5.49,7.97,3.9,40793.4,4251329.86,North Jasonville
45752.71,6.33,6.46,3.72,35321.95,3513318.73,Rebeccaville
58788.92,6.88,8.37,3.71,34502.55,4126910.36,Lake Kathleen
62657.92,5.42,6.31,4.64,35680.55,3662088.25,Jenniferstad
67927.61,5.94,7.29,5.69,40086.93,4092130.58,North Jasonville
76736.36,5.39,7.57,5.23,41831.93,4255713.63,Jenniferstad
62126.33,6.35,6.63,3.11,49067.39,4181976.37,New Deniseton
73981.31,5.43,6.8,3.52,34191.4,4099844.27,Port Adamtown
65251.78,4.52,5.33,2.0,40232.73,3702836.69,New Deniseton
54089.22,7.5,6.74,4.17,49352.78,4307433.5,Lake Kathleen
70151.8,6.47,6.51,5.83,51301.77,4277793.14,Rebeccaville
73153.34,6.33,6.72,2.0,38860.02,4362050.55,Lake Christinaport
83939.38,5.28,8.4,3.28,33646.33,4625107.61,North Jasonville
67787.38,5.76,6.52,2.9,33976.31,3898747.54,East Lucas
71908.09,5.84,7.91,3.61,45889.49,4516226.53,East Lucas
80647.75,4.95,6.39,2.95,28852.85,3892144.43,Jenniferstad
70496.96,6.69,7.11,3.47,23569.24,3993809.63,Jenniferstad
51886.17,6.17,4.73,4.0,34280.7,3421081.2,North Jasonville
61586.85,7.01,7.31,4.86,70000.0,4602313.69,New Michelleville
76307.07,6.56,7.86,4.08,30148.8,4281677.44,Rebeccaville
67677.32,6.23,5.82,2.27,31506.96,3951306.06,Lake Christinaport
73702.9,4.39,10.14,3.0,30250.93,4345647.61,East Lucas
80615.13,4.43,6.46,4.15,35675.9,4041087.68,Lake Christinaport
71420.82,5.23,5.62,5.22,27873.53,3955445.76,Jenniferstad
70423.45,7.87,6.53,2.06,42622.4,4473257.08,East Lucas
67324.53,5.62,5.85,5.6,49540.21,3999948.13,Port Adamtown
71567.79,5.91,7.0,3.94,35098.32,4149351.09,New Michelleville
67464.22,7.83,5.41,4.17,38114.11,4071872.45,Port Adamtown
74437.7,5.71,7.37,2.56,33373.7,3992533.73,Rebeccaville
66411.63,6.07,6.55,2.62,45021.94,4354273.26,Lake Christinaport
69064.64,6.35,8.66,3.32,38957.84,4429706.68,South Anthony
47023.0,5.82,7.18,4.4,40946.52,3546259.66,New Michelleville
67488.04,6.68,6.85,6.0,27621.34,3922421.33,Jenniferstad
59522.91,5.39,7.72,3.78,56256.88,4072315.07,North Jasonville
61739.33,8.59,6.9,3.74,37751.47,4346987.14,Lake Christinaport
65982.5,5.34,5.64,3.95,38786.47,3813343.11,New Michelleville
65816.11,5.49,7.15,4.78,43729.98,4007660.9,New Deniseton
78782.63,6.58,5.57,2.47,43662.36,4313810.55,Jenniferstad
72743.72,6.69,7.84,3.66,34255.23,4365392.92,Rebeccaville
66892.02,5.03,7.26,3.53,42494.97,4036821.71,North Jasonville
58670.02,6.45,5.45,4.18,55403.51,4175832.25,New Michelleville
45983.19,5.63,7.13,6.87,28934.18,3384304.72,Port Adamtown
68859.61,6.16,7.01,4.0,29037.77,3903919.82,North Jasonville
88490.78,5.8,8.96,2.97,60846.48,5040418.5,Lake Christinaport
55330.84,5.3,6.69,3.63,20152.39,3348010.7,Lake Kathleen
79843.23,6.28,5.71,5.06,62363.16,4704716.4,North Jasonville
63718.04,5.74,6.28,3.78,32601.1,3832200.26,North Jasonville
60842.04,5.42,6.79,2.59,29275.93,3544728.18,Lake Kathleen
84643.57,4.86,7.54,5.15,29183.4,4223431.75,New Deniseton
76510.63,6.62,6.53,3.49,46459.06,4486790.26,Lake Christinaport
62328.89,6.11,5.97,3.05,27429.81,3792700.47,Rebeccaville
73087.6,5.03,5.16,5.59,22502.6,3423438.68,East Lucas
59036.41,6.31,6.53,3.79,51210.26,4171614.44,New Deniseton
79574.57,5.29,7.39,4.44,29387.92,3993806.64,New Deniseton
85290.72,7.13,6.99,6.18,32751.4,4676583.55,East Lucas
60365.35,6.77,6.47,2.0,37082.52,3926474.32,New Michelleville
84100.24,5.48,6.89,2.72,29702.52,4179489.59,South Anthony
65646.96,5.94,7.8,4.62,20192.91,3726385.93,South Anthony
70995.6,6.49,7.41,4.73,36176.74,4207979.58,North Jasonville
78785.33,5.21,7.18,4.6,47313.02,4289804.27,New Michelleville
72942.2,5.91,8.27,3.12,41532.09,4386585.42,New Deniseton
54061.98,6.34,7.9,6.05,35723.12,3938500.56,Lake Christinaport
65497.67,6.77,7.79,4.56,31065.67,4118236.24,Lake Christinaport
64169.12,7.39,4.92,2.4,29487.16,3951453.95,New Michelleville
71783.14,6.68,6.88,3.89,34849.02,4354515.13,East Lucas
76174.59,6.48,7.19,2.78,27810.61,4259867.94,East Lucas
88962.41,7.9,9.22,2.12,35679.54,5235489.07,East Lucas
81941.63,4.92,7.14,2.62,53917.23,4632199.35,Lake Christinaport
65269.57,3.17,8.75,5.47,36606.46,3724846.18,New Michelleville
69231.96,5.74,6.8,5.89,23848.54,3753998.11,South Anthony
81278.11,6.21,7.81,3.34,34194.04,4340948.52,North Jasonville
66513.55,4.54,8.03,5.12,45553.1,4136049.67,Lake Kathleen
47110.84,6.14,8.32,2.98,17239.07,3377915.7,New Deniseton
64005.09,5.22,6.55,3.7,39363.78,3822067.23,Port Adamtown
63176.23,6.37,6.27,4.73,34994.73,3803490.4,New Michelleville
70147.31,4.75,5.93,4.97,52337.48,4012104.38,South Anthony
60650.42,5.76,7.57,3.38,60983.62,4289800.75,New Deniseton
58486.91,5.97,8.23,6.08,29254.18,3860824.68,Lake Christinaport
63124.85,7.08,6.89,3.61,30608.52,3979372.66,Jenniferstad
56450.7,6.69,7.03,3.25,47960.95,4150349.92,Lake Christinaport
84847.79,5.01,6.61,4.05,52003.65,4601193.32,Jenniferstad
76077.32,4.38,5.74,4.08,36521.4,3791149.84,Jenniferstad
49506.96,5.27,6.51,4.29,55398.07,3762624.68,Jenniferstad
67089.19,4.74,5.98,2.45,46276.8,3696998.75,New Deniseton
80838.22,6.6,5.77,5.85,42614.98,4285621.19,Lake Christinaport
75657.57,5.48,7.72,2.0,49930.8,4333207.6,Port Adamtown
70933.57,6.09,6.82,3.77,36223.63,4123719.28,North Jasonville
68295.49,6.51,6.83,2.0,28223.23,3916016.22,North Jasonville
60926.29,4.49,6.49,4.54,45697.6,3631792.91,North Jasonville
55358.26,4.88,6.37,4.08,25239.63,3257351.42,Jenniferstad
69484.31,5.99,5.67,3.81,29208.35,3769890.23,Lake Kathleen
71531.71,4.85,8.53,4.45,33463.59,4116080.66,Rebeccaville
75426.63,5.7,8.06,4.41,37306.68,4371424.02,Lake Kathleen
77158.09,6.39,5.44,3.81,45707.9,4300059.81,Rebeccaville
75606.74,7.14,6.26,4.07,16150.25,4067548.78,Jenniferstad
51054.02,5.5,7.7,2.49,35336.4,3550712.8,Rebeccaville
53489.36,6.33,6.15,4.16,38674.87,3817250.96,East Lucas
78687.34,7.81,7.49,4.15,28164.62,4344378.08,New Deniseton
78393.86,5.29,5.99,3.98,28284.02,3967906.14,New Deniseton
59729.71,5.52,7.79,3.65,30528.71,3952536.58,Jenniferstad
59723.17,6.02,7.68,4.88,44598.48,4069197.32,Lake Christinaport
69766.27,5.91,9.12,3.17,29814.58,4192211.66,South Anthony
52926.92,6.17,6.56,3.93,25218.4,3397838.22,North Jasonville
60940.93,5.52,5.14,2.84,42217.66,3686403.83,New Deniseton
73928.5,7.29,7.47,4.3,33804.83,4357458.99,Lake Christinaport
65048.08,5.87,7.42,5.89,33419.86,3834602.25,New Michelleville
74582.35,5.32,7.31,4.76,34328.01,4114055.75,New Deniseton
54854.89,6.08,6.01,3.94,28923.28,3560800.59,East Lucas
77500.55,6.14,6.51,3.61,33078.24,4104713.93,Port Adamtown
89931.74,4.94,8.01,4.07,17237.24,4199712.5,Rebeccaville
61061.29,6.25,7.29,3.01,40097.96,3886131.7,New Michelleville
76039.56,4.89,7.49,3.27,36705.48,4073432.44,Lake Christinaport
55555.4,5.47,7.68,6.27,27684.01,3609337.75,North Jasonville
58648.16,4.59,8.16,3.47,31207.58,3513059.89,Lake Kathleen
76135.15,5.12,7.12,4.0,45783.32,4325692.37,New Deniseton
68118.95,5.53,5.85,4.62,27361.04,3644702.83,Lake Christinaport
62084.21,4.14,7.19,2.43,31385.55,3538767.61,Rebeccaville
70131.68,6.45,7.31,2.83,39047.33,4279797.16,New Michelleville
54142.96,6.61,6.27,4.11,39178.17,3828645.84,New Michelleville
68055.24,7.54,8.78,3.24,36848.45,4473087.14,Rebeccaville
82848.07,6.61,7.01,4.67,23069.01,4463939.33,North Jasonville
76790.27,6.38,7.21,2.0,44069.47,4474262.18,Lake Kathleen
77425.19,4.37,7.64,4.79,53075.0,4042611.49,South Anthony
71907.19,6.39,8.74,3.74,63087.69,4868025.12,New Michelleville
85315.93,5.23,6.55,3.28,36023.03,4102860.24,New Michelleville
52125.37,5.09,5.75,3.35,16185.45,3199404.34,South Anthony
58172.35,5.18,6.18,4.71,29994.66,3558506.59,South Anthony
77977.88,7.36,6.24,2.0,35510.53,4503484.39,Rebeccaville
88200.74,6.03,5.98,4.86,38525.02,4352068.91,North Jasonville
75878.45,6.55,6.89,5.36,29661.29,4199509.97,East Lucas
61329.03,6.25,5.48,5.96,53248.87,4050045.7,New Michelleville
67029.38,6.56,6.18,3.98,44756.34,4236754.31,New Michelleville
69357.9,6.33,6.95,3.5,32932.63,4149425.72,North Jasonville
88867.14,6.4,7.16,4.57,33820.76,4390648.71,Port Adamtown
86790.45,6.76,7.8,2.0,24410.78,4565140.81,Lake Christinaport
81951.7,7.32,7.16,3.4,42192.69,4629778.03,North Jasonville
81644.04,6.21,6.03,3.38,23618.81,4252206.41,New Deniseton
48818.95,6.47,6.35,3.01,39156.34,3687556.72,Lake Christinaport
56179.36,5.9,7.88,6.53,40879.5,3945328.31,Lake Kathleen
68652.75,6.54,9.11,4.78,24382.83,4300976.02,New Michelleville
66908.26,6.38,8.23,2.0,47122.45,4443609.46,New Michelleville
84642.81,4.48,5.71,5.5,45713.36,4294798.99,Rebeccaville
78437.44,5.98,7.72,4.56,34585.63,4472631.13,East Lucas
73095.07,5.29,6.41,4.88,28521.13,4015303.2,New Deniseton
74505.54,4.45,6.2,4.91,45800.55,3879071.41,Lake Christinaport
68181.64,5.85,6.29,3.16,35747.85,3945237.22,Lake Kathleen
67803.98,5.79,8.12,3.31,27706.25,4059296.64,Rebeccaville
62829.95,8.04,6.34,5.82,30233.39,4124887.43,North Jasonville
69769.14,5.38,7.62,3.96,38815.43,3970887.35,Jenniferstad
56165.14,5.69,6.34,5.06,39313.32,3721269.23,Rebeccaville
80162.14,5.8,5.99,3.18,41319.35,4283860.7,Lake Kathleen
65756.75,5.49,6.48,3.43,36255.68,3929114.03,Port Adamtown
69033.54,5.9,8.95,3.74,35127.57,4305468.66,Lake Kathleen
61100.31,4.69,5.7,2.98,36950.16,3297503.61,Lake Kathleen
54696.88,7.1,7.29,5.5,25758.16,3852565.13,Rebeccaville
66461.75,6.48,7.12,5.32,40902.76,4195126.42,Lake Kathleen
67618.76,6.74,5.77,3.59,37376.11,4241402.01,Lake Christinaport
65752.53,5.22,5.28,4.84,25875.86,3600785.31,Port Adamtown
84967.28,6.19,8.32,4.03,46042.5,4599387.88,South Anthony
66723.21,5.07,7.0,3.54,35144.66,3833784.89,Jenniferstad
61227.03,5.93,9.1,3.05,28134.34,4214241.11,New Michelleville
75974.66,6.04,7.52,3.55,45729.28,4495647.63,Jenniferstad
69422.0,4.82,8.46,2.22,34611.47,3895871.82,Port Adamtown
89946.63,3.94,7.99,2.98,39001.67,4451684.98,Port Adamtown
70421.3,5.88,7.97,5.14,42034.45,4247690.93,East Lucas
62204.11,6.82,5.88,5.1,39272.88,3886025.42,Lake Kathleen
74616.88,5.88,9.9,5.29,42669.13,4758100.23,Rebeccaville
74525.47,7.28,6.9,2.32,18519.62,3908999.58,North Jasonville
39224.15,7.78,8.67,4.82,30097.54,3796262.38,Port Adamtown
73087.18,5.65,6.17,4.86,47866.3,4427545.71,South Anthony
55664.74,4.62,7.19,4.42,43500.72,3640854.43,Lake Kathleen
70303.31,6.47,5.86,4.19,29258.32,3977807.98,Port Adamtown
72336.76,5.29,5.84,3.85,53078.23,4076621.18,Jenniferstad
75081.32,4.84,8.32,4.97,40114.81,4184264.46,South Anthony
60318.64,6.18,6.78,4.69,44344.46,4005145.08,New Deniseton
88134.94,7.23,8.07,4.5,47891.01,4961922.17,Jenniferstad
58685.24,5.64,7.6,4.27,47307.22,4114808.0,New Michelleville
45007.09,5.14,6.77,3.44,44519.76,3762859.45,Port Adamtown
74651.56,5.57,5.54,3.79,41675.92,4172015.54,Lake Christinaport
59607.23,6.37,5.61,2.0,33721.17,3763467.46,Jenniferstad
55634.2,7.13,6.32,4.65,49001.07,3954559.31,Lake Christinaport
76716.89,6.39,8.09,4.25,38455.83,4419215.22,Port Adamtown
58678.67,5.19,7.61,4.18,26017.44,3548887.92,New Michelleville
72766.82,6.39,8.2,3.24,43880.55,4358259.92,Port Adamtown
66209.68,7.76,7.84,3.68,40526.52,4539156.79,South Anthony
57962.39,7.72,6.46,5.25,34139.14,4127165.47,Port Adamtown
51531.21,5.57,9.01,2.43,45792.66,3810864.34,East Lucas
43190.61,6.66,7.05,2.22,54435.06,3826001.21,Lake Christinaport
86827.97,5.78,6.57,3.75,38987.35,4503711.08,North Jasonville
79805.4,5.27,7.0,3.08,36760.22,4096167.21,South Anthony
71846.91,4.99,9.95,3.96,40902.23,4424440.0,Lake Kathleen
72073.09,7.42,7.16,3.84,38188.25,4341231.56,Port Adamtown
74813.63,5.18,7.21,4.46,34233.92,4219232.23,East Lucas
71548.27,5.74,7.56,2.0,40096.38,4419219.14,Jenniferstad
80359.79,7.29,6.15,5.94,38446.12,4649562.84,Lake Christinaport
67680.17,4.87,6.1,4.22,43040.75,3898749.33,New Michelleville
78260.27,6.27,7.03,3.64,50636.15,4373470.4,East Lucas
51642.81,4.92,7.48,4.21,38728.95,3478148.83,North Jasonville
59059.31,7.42,8.42,3.31,34239.24,4133748.02,Lake Christinaport
66390.5,6.38,7.16,5.16,27354.87,3889450.98,East Lucas
80333.13,5.81,5.8,6.3,33313.6,4109046.72,New Michelleville
78788.71,6.34,7.92,4.85,26458.13,4347027.61,East Lucas
59910.38,4.84,6.96,5.49,44521.24,3947914.85,Jenniferstad
63685.55,5.37,6.93,3.43,46024.07,4041166.95,Jenniferstad
60993.6,5.91,4.46,3.92,42053.78,3498475.62,Port Adamtown
65007.82,6.95,7.75,2.21,49832.56,4448795.99,North Jasonville
69910.87,6.19,8.27,2.49,16676.39,4083613.37,Lake Christinaport
71222.67,6.45,6.62,3.13,34661.39,4060937.6,Jenniferstad
68558.64,5.49,6.64,3.01,26341.82,3822316.88,North Jasonville
87974.26,5.9,9.06,3.64,21107.35,4416285.8,Lake Christinaport
62136.19,5.04,7.18,5.11,65537.4,4093370.55,South Anthony
88268.19,6.64,5.96,3.87,44524.96,4709927.81,Lake Christinaport
58179.11,6.45,6.75,5.11,16188.44,3541798.23,New Michelleville
60694.65,6.74,7.94,2.14,46597.81,4305562.53,New Deniseton
70507.09,7.45,5.51,7.0,40349.13,4125473.68,Jenniferstad
98679.24,5.4,6.53,3.74,46096.36,4785565.39,Jenniferstad
64789.8,4.73,8.54,4.26,26757.69,3867776.82,North Jasonville
70265.88,6.41,6.31,5.36,41681.84,4106491.4,Lake Kathleen
35250.76,5.89,9.44,4.27,28269.49,3425844.18,Jenniferstad
70841.55,5.28,5.41,3.17,39957.59,4160315.61,New Michelleville
64301.46,5.75,8.23,4.55,27020.42,4090774.5,East Lucas
75537.48,5.42,7.08,2.0,44046.05,4153498.27,North Jasonville
83122.22,6.72,7.23,4.89,42332.35,4582860.03,Rebeccaville
61105.16,4.59,7.2,3.42,34646.45,3650439.86,North Jasonville
52713.15,5.72,8.77,5.83,30361.62,3781832.8,New Deniseton
88745.9,6.36,7.2,2.47,23251.83,4303289.94,North Jasonville
64665.43,6.39,7.13,3.82,26569.49,3880592.29,New Michelleville
70814.1,6.72,5.1,4.62,43419.75,4055268.66,Jenniferstad
60752.03,5.66,8.14,3.87,20330.71,3693702.75,South Anthony
66214.51,4.97,4.67,3.42,37472.24,3502835.06,Lake Christinaport
58316.9,5.81,6.17,4.14,55120.9,4185584.95,New Deniseton
70987.67,5.9,5.91,5.48,60072.98,4328192.06,Lake Kathleen
66895.93,6.19,6.28,3.03,26975.86,3857560.12,New Michelleville
81326.44,4.84,8.15,2.33,33953.09,4302335.43,Jenniferstad
52256.87,6.11,4.41,3.49,28856.71,3351254.52,North Jasonville
73868.74,5.38,4.3,3.01,31944.85,3754452.68,North Jasonville
60741.04,6.52,8.44,3.75,34887.23,4102015.4,New Michelleville
64694.27,4.67,9.0,4.85,47451.9,4280732.71,Lake Kathleen
62385.22,5.31,7.65,5.27,25591.16,3796640.22,New Deniseton
90027.69,5.67,7.16,3.15,31311.1,4652328.64,Rebeccaville
76787.2,7.85,8.2,4.63,44367.68,4771761.68,New Deniseton
76049.03,6.3,5.07,2.5,30897.6,4226131.66,New Deniseton
79914.18,6.13,6.85,4.44,51732.57,4562177.15,South Anthony
66590.22,4.82,6.31,4.05,37148.31,3867374.51,New Michelleville
60186.07,6.75,6.93,4.57,52787.63,4144901.87,New Michelleville
66704.94,5.59,7.27,2.88,27590.17,3702214.03,New Deniseton
60460.57,6.81,7.98,3.57,21380.22,3899853.57,Jenniferstad
65649.07,5.74,6.45,5.6,47842.12,4134292.3,Port Adamtown
74712.7,6.59,7.59,3.68,40016.47,4532258.94,North Jasonville
87566.92,5.63,5.74,4.28,33125.13,4336681.48,Jenniferstad
73657.3,6.07,5.99,3.9,46402.43,4043737.64,East Lucas
81688.45,6.04,6.77,3.65,34445.23,4298522.24,New Deniseton
80722.63,3.94,5.48,6.75,38987.23,3700293.43,New Deniseton
76851.97,5.95,7.81,4.18,28642.32,4249988.24,North Jasonville
75548.35,4.67,7.85,4.46,60928.64,4451364.1,Lake Kathleen
48829.97,6.36,7.24,5.22,14989.47,3362000.92,New Michelleville
67902.75,6.15,5.8,3.14,38568.51,4012013.49,Jenniferstad
62310.53,3.52,6.62,4.59,48024.52,3508332.14,New Deniseton
87130.61,7.1,8.63,5.56,25481.2,4780565.87,North Jasonville
66443.44,7.36,5.71,3.45,41519.67,4183026.1,New Michelleville
87762.65,6.36,5.93,5.95,34076.68,4405938.11,South Anthony
47962.54,4.77,6.47,3.66,29830.66,3187101.46,Jenniferstad
77221.31,6.48,8.18,2.81,35377.24,4397316.16,New Michelleville
77698.88,5.57,5.9,4.7,26608.35,3781998.36,New Deniseton
70411.97,5.25,8.15,3.24,49767.78,4264296.58,South Anthony
66096.03,6.48,6.92,2.86,44833.06,4199165.53,Lake Kathleen
75915.49,8.7,6.84,6.03,35116.36,4665555.55,New Michelleville
86607.32,4.2,6.17,2.0,47541.44,4183036.75,New Deniseton
64838.88,4.36,7.01,2.0,21653.76,3527499.11,Jenniferstad
66656.05,5.24,8.43,3.63,34033.33,4058924.35,Port Adamtown
71258.83,4.59,6.92,5.37,25325.38,3740813.78,Rebeccaville
64101.37,6.96,8.53,4.15,22888.51,4134431.56,North Jasonville
79438.38,4.24,6.83,5.21,42625.41,4133309.06,Rebeccaville
83703.45,5.49,6.19,5.21,35479.8,4301439.37,East Lucas
76781.26,6.34,5.53,5.13,24646.22,4004511.09,New Michelleville
71971.4,6.19,8.45,2.0,44947.21,4555414.38,Jenniferstad
73881.07,5.08,8.62,3.71,42217.29,4344844.34,East Lucas
48490.38,6.71,8.09,5.44,20534.01,3549046.43,North Jasonville
59227.63,3.92,7.7,3.81,32170.98,3615127.4,New Deniseton
50757.72,7.67,7.62,5.46,29591.25,3979249.4,Jenniferstad
80720.35,6.2,6.24,4.74,29298.95,4207057.02,Lake Kathleen
55370.79,6.13,7.33,2.68,37108.33,3887241.09,South Anthony
70598.23,6.75,6.7,4.66,54923.99,4449505.84,Rebeccaville
86807.96,5.41,7.75,4.31,39791.44,4475648.83,Rebeccaville
77884.03,5.66,7.24,2.0,19085.61,3996590.06,South Anthony
69891.28,6.14,6.71,5.35,50283.92,4491780.83,East Lucas
60996.56,4.78,6.35,2.4,26387.02,3572427.45,East Lucas
61772.86,6.45,7.14,6.75,36004.6,4278444.08,New Deniseton
71201.89,6.75,8.55,2.8,35073.49,4363657.5,New Deniseton
72922.12,5.49,5.49,5.86,18024.9,3484474.27,Jenniferstad
66893.28,4.92,6.31,2.0,39502.72,3748345.45,Rebeccaville
57693.93,5.17,6.99,4.92,36758.69,3648921.73,Lake Christinaport
51127.27,7.59,6.53,6.18,30853.61,3718558.1,North Jasonville
64810.09,3.12,6.54,5.75,37826.63,3552338.91,New Deniseton
61216.96,5.28,5.52,4.01,32379.58,3527776.56,Lake Kathleen
81828.84,5.94,8.74,2.78,24977.45,4510773.13,Lake Christinaport
84349.32,5.65,6.58,4.1,39024.08,4366631.92,Lake Christinaport
47315.53,7.72,6.1,2.24,32661.37,3750813.78,Jenniferstad
70265.94,6.42,6.14,4.13,27060.15,4037989.86,Rebeccaville
96053.73,6.58,5.97,3.67,38482.77,4603391.5,South Anthony
83986.46,6.44,6.04,4.48,24923.87,4208923.7,Lake Christinaport
64385.98,6.13,5.9,4.71,29022.24,3852983.52,Port Adamtown
79305.39,8.48,7.9,2.94,29292.82,4589312.73,New Michelleville
70453.15,5.73,7.6,4.31,31459.83,3974683.34,Lake Kathleen
71322.71,6.74,7.65,5.07,27320.95,4272223.97,South Anthony
87613.19,6.07,6.22,4.79,58305.08,4712883.34,Rebeccaville
59658.01,5.76,6.69,2.99,30502.1,3552116.16,Port Adamtown
80773.81,4.73,7.25,4.48,27685.11,4035073.33,South Anthony
61083.44,6.15,8.45,3.79,17546.85,3642055.03,North Jasonville
74128.18,6.69,5.45,4.18,38615.16,4209557.01,Port Adamtown
67500.21,5.46,7.16,5.33,29435.14,3788208.18,New Michelleville
69316.54,6.75,7.52,3.85,41225.17,4335587.51,Rebeccaville
95581.52,5.7,7.86,3.65,47135.15,4939668.71,New Michelleville
60881.95,4.69,6.37,2.86,44401.52,3746232.05,New Michelleville
86330.71,6.7,7.98,3.6,22571.45,4604565.46,Lake Kathleen
60741.33,5.58,8.12,4.32,46591.99,4056640.76,East Lucas
68893.23,8.17,8.51,5.25,38485.19,4625899.46,New Deniseton
82153.05,5.97,5.69,3.24,28766.17,4135560.62,Jenniferstad
69342.86,7.63,7.07,2.54,43742.79,4570733.32,New Michelleville
71629.0,7.53,8.94,2.88,52017.07,4872491.4,Jenniferstad
68072.12,4.82,7.05,4.01,48478.72,3967786.66,Port Adamtown
68662.4,5.55,6.24,4.06,46492.49,4020928.66,East Lucas
78165.86,6.4,7.1,5.39,38625.27,4379800.17,North Jasonville
76296.13,5.56,6.68,5.24,40596.61,4078751.42,New Deniseton
61488.72,6.15,8.65,4.54,34349.97,4197505.35,East Lucas
76808.74,5.55,8.54,3.32,38827.15,4406222.78,Lake Christinaport
72762.07,6.31,9.13,2.71,55627.13,4701028.42,Rebeccaville
77549.68,6.39,6.22,4.13,25652.13,4247487.5,South Anthony
75614.86,4.83,7.62,4.08,26550.58,4042397.89,Lake Christinaport
75301.22,6.9,7.63,3.45,37138.39,4342117.65,New Deniseton
63303.34,6.55,5.33,3.75,39601.5,3858139.59,Port Adamtown
60710.29,7.47,7.96,3.3,49413.64,4502724.8,South Anthony
76498.21,4.79,6.69,2.02,47853.75,4183126.87,Port Adamtown
71187.26,7.4,7.13,3.23,36213.21,4346302.73,Rebeccaville
81754.94,5.55,5.51,4.91,55975.35,4150213.52,Lake Kathleen
79240.53,6.98,7.93,4.48,36812.25,4665953.22,Rebeccaville
85766.54,5.21,6.44,4.58,27288.26,4032231.67,South Anthony
65777.88,6.92,7.49,2.0,39524.45,4298501.93,Jenniferstad
66045.74,8.02,5.9,2.0,34813.67,4133521.53,Lake Christinaport
69688.29,5.29,5.54,5.6,32023.18,3885755.24,Lake Kathleen
60021.2,4.73,4.58,2.0,34227.38,3339714.07,New Deniseton
76678.99,6.8,7.0,2.94,46328.56,4523341.77,New Michelleville
92300.64,5.67,6.37,3.85,26994.56,4434601.98,Jenniferstad
77430.77,4.7,6.43,6.13,44602.19,3962418.62,Lake Kathleen
83174.72,6.17,7.15,4.91,9791.99,3981268.53,New Michelleville
62767.94,5.95,6.33,3.83,26856.66,3791372.04,Port Adamtown
78670.57,5.87,5.9,2.45,37584.05,4148014.09,Lake Kathleen
72299.37,6.92,7.63,5.13,31878.02,4452609.37,New Michelleville
53126.71,5.79,6.71,3.27,25817.32,3721312.59,South Anthony
67542.87,7.64,6.61,3.62,48139.88,4436462.93,New Michelleville
60981.27,5.68,6.43,5.26,32945.97,3957828.47,Jenniferstad
84997.57,7.23,7.34,3.62,40286.17,4705998.95,Lake Christinaport
44245.41,6.36,8.81,4.13,24581.99,3650272.18,Lake Kathleen
62462.68,4.73,7.52,7.0,33094.58,3761086.09,Lake Kathleen
70663.35,4.87,7.13,3.87,52548.98,4163913.89,New Deniseton
59178.9,6.49,8.28,5.15,35614.75,4124702.55,East Lucas
82924.13,6.58,6.55,4.94,35306.28,4408121.18,East Lucas
81180.54,5.42,4.87,3.99,50635.87,4068988.16,New Michelleville
73683.21,6.52,7.05,4.28,40385.8,4317061.28,Lake Christinaport
63545.42,6.23,7.96,3.17,30603.55,4088151.46,Jenniferstad
58559.86,6.64,7.43,3.99,24864.48,3830411.04,Rebeccaville
72726.4,6.21,7.35,5.16,45116.82,4480690.67,Lake Kathleen
74273.83,5.39,7.7,3.65,40426.19,4340031.53,New Deniseton
72495.16,6.61,7.48,4.36,40858.2,4414496.7,Port Adamtown
67579.83,7.89,7.35,2.21,49314.78,4497930.44,Rebeccaville
73555.0,6.37,7.7,3.49,34301.46,4284123.51,East Lucas
64491.09,6.44,6.25,4.23,50271.21,4248937.33,North Jasonville
73182.38,4.92,6.75,4.43,30185.12,3822917.46,Lake Christinaport
72593.17,5.25,6.63,5.66,33860.05,4087509.34,New Deniseton
67036.23,5.55,8.0,4.4,53470.27,4463535.89,Port Adamtown
58876.34,6.61,7.58,5.29,43003.6,4261887.35,South Anthony
62692.24,7.81,8.63,4.29,37084.39,4424511.63,North Jasonville
73706.08,7.54,7.23,3.18,31749.7,4503820.57,East Lucas
74295.76,7.02,6.49,5.55,40138.07,4361046.69,South Anthony
78887.34,6.26,8.03,2.9,35670.56,4460402.07,Jenniferstad
67550.48,4.58,6.61,5.29,32994.02,3672379.36,New Michelleville
60686.17,5.61,4.46,5.27,33930.21,3372205.43,North Jasonville
55651.49,4.7,6.43,2.0,27190.07,3234160.92,Lake Christinaport
70040.28,7.37,6.91,5.21,21408.21,3879141.03,Lake Kathleen
93790.54,4.36,7.57,4.87,30045.97,4258345.69,New Michelleville
60759.07,5.84,7.08,2.99,23806.6,3853997.55,South Anthony
71710.39,7.53,7.31,5.19,39793.07,4511198.92,North Jasonville
60523.86,6.82,8.82,3.91,19016.6,4083417.98,Port Adamtown
81943.76,4.96,6.03,6.63,22787.96,3935163.4,New Michelleville
67894.99,5.84,6.33,4.49,22289.67,3735002.97,Lake Christinaport
89733.47,8.01,6.89,5.31,37990.62,4706353.64,Rebeccaville
71628.58,6.6,7.31,3.49,51237.97,4404362.38,Port Adamtown
66217.65,6.18,6.72,4.29,44725.46,4070787.31,New Deniseton
67030.44,7.47,7.81,5.19,49038.87,4439712.49,Lake Kathleen
47653.66,6.71,6.77,3.15,35501.01,3670779.82,Rebeccaville
67883.57,6.47,6.51,3.87,43274.54,4108688.44,New Deniseton
77709.51,4.55,8.24,2.42,36477.75,4159035.38,New Deniseton
63855.13,6.14,5.0,2.41,39714.73,3917952.14,East Lucas
70257.27,6.45,9.27,5.03,20918.28,4147035.35,New Michelleville
60261.77,6.24,7.38,4.08,35559.02,3970832.03,South Anthony
67987.17,6.4,6.76,2.9,43898.55,4277237.89,Rebeccaville
62145.77,6.87,5.32,4.95,29715.97,3899419.57,New Michelleville
79461.78,4.88,8.17,3.7,49423.49,4394460.11,Lake Christinaport
58678.14,6.16,6.21,2.0,39941.08,3927436.52,New Deniseton
66984.93,5.54,6.79,4.34,48937.16,4243255.78,New Michelleville
103119.12,7.21,8.14,4.44,34045.01,4964831.39,New Michelleville
72340.91,6.02,9.13,2.89,39395.64,4414865.77,New Deniseton
68316.06,7.35,6.46,2.92,21476.28,4003679.98,Lake Kathleen
61814.76,3.83,7.47,4.38,30922.13,3576381.79,Lake Christinaport
65934.13,6.99,8.99,2.37,34338.67,4281331.62,North Jasonville
67001.7,8.09,6.97,3.73,38725.96,4192359.35,Lake Kathleen
83687.94,5.98,6.87,4.49,31753.8,4300445.86,Lake Christinaport
82572.93,7.07,9.29,3.89,26992.73,4482385.15,New Michelleville
85835.76,6.97,7.47,5.2,44588.33,4825817.3,South Anthony
53850.18,6.42,6.94,5.38,33431.85,3784853.89,Jenniferstad
66573.43,4.65,7.49,4.73,23175.89,3615014.56,North Jasonville
50453.15,4.93,8.56,6.05,29805.72,3579082.69,Port Adamtown
100326.54,6.7,6.7,2.0,42606.24,4909868.66,Lake Kathleen
73551.94,5.97,5.98,4.24,33346.96,3986505.67,New Michelleville
58919.31,5.24,6.53,5.12,31960.44,3745313.22,East Lucas
62891.38,5.48,7.68,4.24,35066.58,3895847.96,South Anthony
80703.76,5.31,7.53,3.63,11561.02,4026198.69,Lake Kathleen
26808.83,5.67,8.55,4.53,27209.66,3044809.66,North Jasonville
56312.3,7.65,8.7,4.63,40971.45,4302091.31,Lake Christinaport
59768.93,6.83,6.32,4.39,35171.0,3867029.84,Port Adamtown
47361.81,5.26,7.17,5.5,24928.79,3324716.48,Rebeccaville
77061.8,5.1,5.66,4.21,55366.48,4172009.51,Lake Kathleen
58838.72,6.27,5.86,4.22,22828.8,3532966.27,Rebeccaville
64870.45,6.57,5.77,6.2,26714.48,3929260.04,South Anthony
77798.11,5.56,7.05,4.67,29991.06,4142674.62,North Jasonville
71306.72,6.02,7.2,6.55,27952.59,4266062.67,East Lucas
80729.32,7.24,6.37,4.97,33434.27,4464375.53,Lake Christinaport
90729.37,6.9,6.17,3.66,34073.86,4742336.09,Port Adamtown
71676.72,4.43,6.33,4.0,23227.05,3601592.58,New Michelleville
69377.81,5.8,6.41,4.31,23262.02,3828024.38,Rebeccaville
83314.54,5.28,7.07,2.92,26563.12,4081236.95,New Michelleville
41742.92,6.78,5.94,4.85,31448.07,3491733.52,New Michelleville
61169.81,5.7,6.82,2.0,38601.6,3872955.78,Port Adamtown
69852.91,5.19,6.66,6.25,20382.66,3790599.93,South Anthony
49080.57,6.86,7.34,5.35,25134.75,3695484.91,North Jasonville
73895.31,6.64,6.02,4.73,36853.19,4201174.33,East Lucas
81489.56,6.18,6.65,4.26,37658.48,4324606.71,North Jasonville
63675.76,8.07,7.3,4.37,36073.17,4398544.28,North Jasonville
54844.56,7.05,8.32,4.39,40695.75,4119529.66,Port Adamtown
66474.62,6.25,5.25,4.23,33047.94,3836848.46,New Deniseton
67982.38,6.23,7.34,4.84,38041.32,4233558.75,Lake Christinaport
54713.95,4.6,6.66,4.71,33037.82,3445306.87,South Anthony
46564.83,4.9,6.88,4.23,29683.84,3241140.84,Rebeccaville
56022.41,6.55,6.43,4.26,46982.16,4128175.01,Lake Kathleen
45902.22,5.76,7.06,3.36,34245.35,3432197.59,Port Adamtown
62063.42,6.78,8.8,3.75,44179.29,4392247.58,New Deniseton
73741.91,4.41,7.03,4.15,44066.14,3983260.05,East Lucas
80170.75,5.98,6.63,3.52,23298.25,4073529.51,New Michelleville
86397.16,6.41,7.22,5.91,41152.06,4588042.74,East Lucas
61844.19,5.88,6.33,5.11,57126.51,4009504.92,North Jasonville
54779.25,7.77,6.2,4.33,32940.62,3912292.97,New Deniseton
68474.62,5.07,8.69,2.19,14176.2,3741049.39,East Lucas
44960.86,6.55,6.95,4.3,27155.43,3547606.89,Port Adamtown
59306.15,6.36,6.57,2.63,32899.14,3935892.62,North Jasonville
76071.75,5.09,7.16,4.18,31106.01,3998309.16,Lake Kathleen
54327.76,5.95,8.4,5.31,32433.02,3908872.0,Port Adamtown
56996.31,4.69,7.83,4.17,47524.13,3865558.18,Lake Christinaport
61600.18,5.88,7.16,4.01,43508.88,4087692.87,Jenniferstad
63508.42,4.43,7.03,3.96,37137.32,3773618.83,North Jasonville
96594.83,7.14,6.13,6.48,35393.38,4594924.86,Lake Christinaport
62286.11,6.07,7.54,5.82,35061.81,3941615.05,New Michelleville
70697.65,4.54,6.51,4.21,31774.12,3842902.22,New Deniseton
69579.49,5.98,6.24,3.98,25152.31,3721712.85,Jenniferstad
64625.82,5.37,8.02,4.29,35956.9,4138527.68,Lake Christinaport
64247.72,5.92,8.22,2.0,34524.62,4141429.84,Jenniferstad
76760.63,5.02,8.05,3.47,51259.57,4295111.83,Port Adamtown
74468.59,6.77,5.53,2.93,21585.97,3945271.42,East Lucas
65777.25,6.68,5.95,4.09,28619.58,3909969.79,South Anthony
83391.88,5.96,6.7,5.17,30621.3,4266742.3,Jenniferstad
72077.58,6.64,7.04,2.73,41230.57,4416148.37,Port Adamtown
63169.89,5.9,7.06,3.42,31446.52,3925074.01,Port Adamtown
75863.08,5.2,7.67,4.56,21481.89,4012019.94,Rebeccaville
77999.54,6.63,6.05,4.17,30149.7,4323342.43,North Jasonville
58653.23,6.8,7.53,5.56,38347.77,4022930.84,North Jasonville
69287.24,7.28,7.45,3.57,29337.92,4221454.73,Port Adamtown
67515.21,6.32,7.98,4.11,15464.3,3898751.83,South Anthony
96147.59,6.27,6.13,6.23,35906.71,4507365.73,Jenniferstad
76712.62,5.61,8.03,4.76,28615.38,4227914.65,Port Adamtown
64428.24,5.74,9.62,3.08,34579.85,4229260.19,East Lucas
73065.11,5.0,6.84,4.24,23880.83,3843516.1,New Deniseton
90472.91,5.86,6.88,5.2,36296.05,4484059.97,Lake Kathleen
55825.31,7.64,5.9,3.14,46451.89,4081374.79,South Anthony
77878.72,4.71,6.17,2.4,35197.03,3944558.62,Rebeccaville
79620.97,5.35,9.38,3.76,40569.1,4454386.03,South Anthony
64592.73,6.88,5.44,3.56,36238.11,3922222.45,Lake Kathleen
80311.21,6.32,7.88,3.3,50799.03,4657697.18,New Michelleville
65214.09,5.66,8.43,2.0,43460.19,4207192.48,South Anthony
72839.63,5.95,6.15,4.65,25422.38,3910665.75,Port Adamtown
77455.79,6.85,6.48,3.22,29279.43,4158319.28,Lake Christinaport
64509.35,6.11,6.64,2.96,25810.89,3741305.03,Lake Christinaport
67555.3,7.27,7.34,5.08,15869.55,4079419.49,Rebeccaville
78405.9,7.44,9.46,4.65,24129.7,4736976.07,Lake Christinaport
64545.91,7.24,6.46,3.93,35779.09,4179044.74,New Michelleville
51207.61,5.52,6.97,2.88,32924.74,3409566.43,New Michelleville
55057.06,8.02,8.28,2.0,23321.75,3932135.82,Lake Christinaport
84459.72,6.24,8.82,5.85,19250.55,4345599.34,Port Adamtown
69311.65,7.31,7.0,4.16,33888.26,4350357.18,Lake Kathleen
77613.2,7.28,7.7,3.91,8607.53,4121313.79,South Anthony
64562.45,6.4,4.88,5.02,49456.77,3941890.45,South Anthony
45780.01,5.66,8.12,4.59,46192.77,3842493.17,Port Adamtown
62176.51,5.67,7.83,2.0,34564.33,3948056.57,New Michelleville
55723.41,7.04,7.37,2.18,47836.64,4106759.4,Port Adamtown
68953.6,6.26,8.33,5.66,40253.93,4305941.09,New Deniseton
79340.53,7.48,7.21,2.71,23343.8,4574091.38,Lake Christinaport
67601.96,5.49,7.84,5.2,18334.42,3666983.71,Lake Christinaport
52083.28,7.78,6.22,2.0,35568.57,4020016.53,Lake Kathleen
63611.79,5.28,7.75,3.46,31904.33,3829260.05,Jenniferstad
70657.19,7.34,7.44,5.69,37088.99,4379649.05,New Deniseton
69103.86,7.27,7.81,4.86,24668.76,4213813.97,South Anthony
63157.09,4.78,5.31,4.78,22872.67,3429337.66,Lake Kathleen
66164.04,6.16,5.54,2.13,37128.7,3919821.8,Lake Kathleen
79436.19,3.72,6.59,2.0,39789.17,4088476.89,Jenniferstad
72030.36,5.29,6.06,5.91,41298.42,3912215.6,North Jasonville
55979.77,6.8,7.25,2.72,45324.38,4063514.81,Rebeccaville
54830.99,7.11,8.5,5.6,43654.95,4229126.5,New Deniseton
74165.52,5.69,8.76,5.37,46455.54,4624818.58,Rebeccaville
77502.8,4.92,8.14,2.41,44380.55,4288210.65,North Jasonville
81981.61,6.41,8.79,4.64,23656.85,4207388.84,New Michelleville
72305.58,7.89,5.01,2.72,26141.92,4253321.69,New Deniseton
73419.69,4.45,5.89,2.74,26077.73,3705555.17,New Deniseton
71847.31,6.71,7.03,4.43,32218.06,4146097.37,Rebeccaville
65536.38,6.91,8.93,2.75,48792.5,4656521.46,New Michelleville
55819.88,5.75,7.17,2.96,36076.59,3702783.24,Rebeccaville
77541.24,6.66,6.48,3.92,37665.84,4186569.02,North Jasonville
63718.76,4.83,6.73,5.48,33927.14,3816417.46,East Lucas
80937.76,6.3,6.96,3.03,45889.71,4508105.86,New Michelleville
64819.1,4.57,6.19,5.53,56755.89,3933133.61,Jenniferstad
57372.29,5.54,7.14,4.79,29028.7,3693654.61,Port Adamtown
72852.58,5.43,5.71,4.11,45637.73,4133273.45,Lake Christinaport
67347.63,5.93,7.38,3.75,39600.12,4217813.12,Port Adamtown
56953.66,6.63,7.22,4.12,31054.45,3819166.01,New Michelleville
49473.07,6.77,6.77,2.75,47336.45,3871004.13,Lake Christinaport
73376.23,5.77,6.35,5.46,58802.18,4545672.19,New Michelleville
62721.89,5.33,6.83,3.09,37061.09,3910056.95,North Jasonville
72517.11,5.61,8.37,2.78,45142.65,4348937.11,Lake Christinaport
71608.83,6.19,6.18,4.73,23983.46,3864079.68,East Lucas
75161.2,6.98,7.71,5.2,40959.03,4394232.43,Rebeccaville
67160.26,8.14,7.21,2.72,35113.03,4350696.65,Jenniferstad
71556.96,5.29,5.91,3.04,42734.12,3913812.45,New Deniseton
60730.36,6.61,6.32,4.5,37186.75,3915708.63,Jenniferstad
84052.14,5.19,7.67,4.37,36422.6,4164863.91,South Anthony
64191.54,8.06,7.22,3.4,32917.76,4346270.14,Jenniferstad
81764.47,6.23,5.92,3.3,48190.75,4519052.42,Lake Kathleen
70737.56,5.86,6.97,2.0,22731.31,3917796.43,North Jasonville
77032.94,6.13,7.21,3.77,34220.81,4148981.87,Rebeccaville
85932.21,4.08,5.64,4.63,14024.83,3654679.2,East Lucas
61402.99,5.81,6.84,3.77,28259.29,3881141.57,Rebeccaville
79299.0,7.48,7.57,6.35,31816.64,4635407.23,Port Adamtown
63988.6,5.76,6.38,2.99,54823.42,4202814.49,Rebeccaville
73413.86,7.4,5.92,4.92,31727.02,4268232.5,Port Adamtown
66608.5,7.13,5.93,4.5,35034.28,4043559.45,Rebeccaville
71919.52,6.71,7.02,5.0,46246.94,4514385.54,North Jasonville
56192.25,6.56,5.13,3.34,23710.66,3368398.35,East Lucas
75721.44,5.0,7.52,3.86,42134.96,4490552.03,East Lucas
59912.9,7.09,6.27,6.06,34309.58,3867708.2,Lake Christinaport
73648.46,5.24,6.3,5.06,29409.36,3975290.58,Rebeccaville
69852.11,7.71,9.05,3.23,43076.54,4779336.38,Lake Christinaport
66659.48,6.55,7.33,4.96,42142.62,4361202.24,New Deniseton
78803.75,6.27,8.47,6.19,46081.11,4572825.09,Lake Kathleen
82205.68,5.79,7.29,5.48,39915.46,4501649.3,New Deniseton
85730.83,3.56,7.76,5.13,25850.62,3997505.24,Jenniferstad
39972.76,6.06,7.37,3.14,33789.87,3410428.88,South Anthony
81604.86,7.4,7.83,2.4,47334.06,4836653.25,New Michelleville
70825.09,7.15,8.34,2.0,38127.3,4436844.28,South Anthony
68594.6,6.55,5.04,2.64,29717.98,3847714.53,Lake Christinaport
90046.09,8.53,6.6,3.49,20149.91,4863302.28,Jenniferstad
86282.68,7.03,8.31,2.0,39172.89,4793535.01,Port Adamtown
87074.72,7.22,7.19,3.08,34464.42,4760502.19,Lake Christinaport
64675.38,5.85,6.1,4.01,37330.25,3876097.97,New Deniseton
79456.86,6.61,7.82,2.51,23786.89,4310233.4,New Deniseton
48484.57,7.28,7.67,5.17,35387.02,3997771.12,East Lucas
59710.52,5.88,7.29,3.14,40879.67,4022900.15,Lake Kathleen
65082.82,5.23,8.1,4.35,37131.53,4269197.05,New Deniseton
67045.4,5.59,6.74,4.05,34120.71,3919343.81,Port Adamtown
58842.23,4.99,6.44,4.93,57258.24,3881879.66,South Anthony
86818.57,5.82,8.05,2.65,12557.36,4264960.46,South Anthony
69025.41,4.73,7.83,2.77,51057.5,4154305.07,New Michelleville
57716.68,5.54,6.58,4.05,34000.72,3640464.74,Rebeccaville
56560.39,4.51,7.24,2.0,32606.42,3501844.45,New Deniseton
71384.88,5.85,7.96,3.96,39432.66,4287575.98,New Michelleville
66006.92,6.62,6.68,2.0,48827.97,4474371.66,Port Adamtown
74927.03,4.1,5.85,5.21,25391.55,3636531.51,South Anthony
63521.01,6.6,4.89,5.72,33041.29,3820379.94,North Jasonville
75605.3,5.58,6.61,2.37,42229.48,4130511.44,Lake Christinaport
81900.45,5.65,8.15,5.56,43050.76,4527844.66,South Anthony
61058.0,4.3,6.82,5.21,42480.15,3796778.39,New Deniseton
77546.61,6.93,7.23,4.52,35836.26,4430013.11,North Jasonville
72421.72,6.22,7.3,4.22,24411.94,3928053.96,North Jasonville
73566.71,5.06,6.75,4.83,25502.83,3792927.66,Rebeccaville
56154.29,7.05,7.85,2.99,33412.4,3975883.73,New Michelleville
81136.88,3.11,7.63,4.69,37471.28,3911340.88,Lake Christinaport
82311.72,7.97,5.58,4.36,36383.07,4472788.34,New Deniseton
52315.94,6.57,6.85,4.29,29594.49,3595145.36,Port Adamtown
77035.05,2.61,6.84,5.17,50072.05,3984753.05,Rebeccaville
110000.0,6.25,8.03,2.0,34200.59,5062866.15,East Lucas
69051.24,6.94,7.67,5.08,21097.77,3972237.85,Rebeccaville
82305.44,7.3,6.65,4.07,39130.32,4606794.24,South Anthony
70829.94,5.57,9.3,4.19,50432.81,4537967.23,Port Adamtown
52419.52,8.22,6.94,4.98,40732.29,4296386.1,Jenniferstad
81023.96,6.83,7.23,3.71,36925.53,4627068.97,Jenniferstad
78279.32,6.79,7.38,3.54,29445.42,4355728.21,South Anthony
67874.83,5.52,8.53,3.4,39976.28,4378196.97,South Anthony
66357.13,4.87,8.84,4.52,41112.52,4169754.76,Jenniferstad
48994.18,5.97,8.95,2.44,29840.28,3764595.65,Jenniferstad
86241.56,5.71,8.59,4.93,27683.03,4580799.76,Port Adamtown
91969.37,5.46,7.58,2.51,45467.52,4617118.48,Jenniferstad
64735.63,6.4,9.26,2.0,44883.9,4487131.62,New Michelleville
73273.73,4.28,5.89,4.41,26586.08,3548021.25,Port Adamtown
46676.84,6.59,6.41,2.76,32548.75,3583873.51,Lake Kathleen
64517.37,5.84,8.33,4.62,59298.84,4579466.89,East Lucas
74455.11,6.91,5.03,6.09,13032.33,3748716.21,Lake Kathleen
62074.6,7.42,7.93,3.39,43445.49,4458339.32,Rebeccaville
62265.05,5.01,7.39,5.9,47271.56,4029136.14,New Deniseton
61715.72,5.1,6.93,3.19,32760.33,3650739.43,Port Adamtown
69843.36,6.37,6.53,2.56,28693.15,3927950.79,Lake Christinaport
91718.95,4.93,6.73,2.11,45468.1,4455934.67,New Deniseton
79426.66,5.7,7.09,4.36,39108.77,4340015.6,Jenniferstad
64099.56,6.35,8.68,4.92,30151.56,4370900.79,New Deniseton
74730.25,8.0,8.21,4.37,55374.29,5017481.34,Jenniferstad
87921.74,5.72,6.84,5.26,42103.82,4382792.15,East Lucas
65796.16,6.25,7.42,2.0,41574.74,4195232.54,New Michelleville
65868.69,6.36,8.06,5.88,29555.13,4047703.65,North Jasonville
78967.48,6.33,6.5,3.16,31368.29,4161947.43,South Anthony
68904.53,4.64,7.29,3.02,33840.12,3766925.25,Port Adamtown
75039.69,5.75,9.07,4.56,46307.59,4555175.3,Rebeccaville
69425.03,6.53,7.88,2.89,23524.67,4078283.58,Rebeccaville
66744.41,5.42,6.46,5.98,25006.91,3577172.25,North Jasonville
101112.91,4.71,7.29,4.23,42089.52,4834905.64,Lake Christinaport
59608.77,6.71,6.33,4.07,48577.57,3937853.02,Port Adamtown
64834.67,4.9,6.86,4.49,38689.98,3834089.62,East Lucas
75281.89,5.05,4.22,4.0,38911.54,3670740.79,South Anthony
77942.7,7.32,6.0,3.75,32724.7,4343812.39,Lake Christinaport
67993.36,4.93,7.07,6.27,42925.58,3960968.92,East Lucas
65671.95,5.43,5.74,6.53,31249.07,3715016.66,North Jasonville
69105.55,5.56,5.7,3.56,45420.56,3956997.86,East Lucas
65364.79,3.44,5.87,5.47,34718.31,3263162.02,Jenniferstad
74578.96,5.64,6.87,4.35,34538.8,3931757.91,Jenniferstad
55348.81,6.17,6.12,2.0,30678.71,3549336.26,East Lucas
65331.69,6.92,6.9,6.23,31132.71,4113604.22,New Michelleville
73639.71,5.51,7.94,3.55,46558.1,4306188.32,New Deniseton
75491.72,6.25,7.58,4.73,30696.44,4407422.6,New Michelleville
68302.56,5.97,6.14,3.84,18109.63,3785372.77,South Anthony
77030.96,4.3,7.02,3.87,54295.64,4170624.53,Jenniferstad
43493.67,5.71,7.16,3.7,27609.21,3476402.27,Lake Kathleen
68452.81,7.12,6.96,6.07,43548.13,4416456.38,Lake Christinaport
60516.07,7.9,7.93,3.42,41353.67,4381732.53,East Lucas
75219.1,5.96,6.11,3.22,50454.44,4137410.43,New Deniseton
74098.52,5.67,6.79,3.53,15394.48,3730435.27,Port Adamtown
87240.37,6.05,6.78,5.4,43127.2,4514805.14,Lake Kathleen
59595.31,6.64,7.71,5.68,29701.03,3972409.39,New Michelleville
49492.93,5.97,8.25,4.21,46776.33,4098859.37,East Lucas
83565.03,6.14,7.22,2.43,25443.97,4271039.29,Lake Christinaport
68996.97,6.71,7.87,2.13,25684.36,4053859.78,Lake Christinaport
64855.51,9.19,7.37,5.71,31943.02,4436414.46,East Lucas
76977.22,4.38,8.84,6.02,48823.84,4263595.28,Rebeccaville
48422.47,5.57,5.14,3.47,52332.64,3873183.8,Lake Kathleen
62162.25,3.78,7.65,4.83,48913.04,3969905.12,Lake Christinaport
69159.82,7.07,6.7,4.0,38156.0,4202937.76,Lake Christinaport
68035.77,6.61,7.67,5.05,31828.86,4144304.33,East Lucas
70119.55,6.58,8.55,3.68,26178.16,4233958.09,Lake Christinaport
76701.04,4.69,7.83,3.74,27932.42,4003019.55,Jenniferstad
69287.79,5.38,9.58,5.01,43698.5,4338655.04,New Deniseton
60617.89,5.55,6.32,4.54,35570.45,3584171.52,Port Adamtown
61309.57,5.18,7.88,3.21,32347.81,3761930.19,North Jasonville
73083.72,6.67,7.62,2.95,28706.59,4299448.16,South Anthony
83001.66,6.14,7.48,2.68,48072.84,4559417.93,East Lucas
66678.92,5.8,6.68,2.1,11728.28,3686855.81,South Anthony
88111.43,6.08,7.44,2.96,33039.03,4418776.58,Lake Christinaport
64310.8,6.55,6.95,3.51,40511.4,4100998.87,Lake Christinaport
64275.6,5.04,7.08,4.94,33230.14,3754035.56,Jenniferstad
68932.59,4.65,6.26,5.44,39728.73,3745557.3,Port Adamtown
93197.01,7.93,6.93,3.89,23238.33,4731796.66,New Deniseton
61798.68,7.02,8.8,5.9,41491.62,4244990.52,Lake Kathleen
59393.57,4.55,6.86,2.0,55483.1,3924932.61,North Jasonville
79963.07,5.45,7.31,3.85,48980.77,4583008.07,Lake Kathleen
75077.68,5.63,8.37,4.36,40999.9,4343505.04,East Lucas
57988.93,4.9,7.21,3.67,34155.89,3643085.85,New Deniseton
73501.22,5.45,6.37,4.2,28649.6,4016484.16,Rebeccaville
78813.11,8.47,6.01,4.46,49013.98,4783370.08,Rebeccaville
69105.14,6.9,7.54,4.27,29017.81,4327660.32,New Michelleville
74626.86,6.77,5.36,3.52,44395.13,4234778.65,East Lucas
71304.81,5.93,7.03,4.22,40443.32,4102038.61,East Lucas
66546.65,6.3,6.7,2.0,35712.16,3976560.22,Port Adamtown
61501.1,4.51,6.3,4.11,42102.12,3568413.28,Port Adamtown
72249.19,7.14,6.41,4.74,43511.72,4549416.47,New Deniseton
69964.48,4.98,9.16,5.63,37545.29,4040443.65,Lake Kathleen
61426.11,5.87,6.36,2.2,15997.35,3678399.49,New Michelleville
74436.62,5.6,6.38,3.59,31903.68,4141128.41,Port Adamtown
63419.6,6.58,7.19,4.59,41805.21,4248855.77,Port Adamtown
71455.49,4.92,6.56,2.35,45538.69,4003966.41,East Lucas
88668.68,5.32,6.61,2.77,41818.2,4386355.19,South Anthony
58329.46,5.14,5.48,4.45,47647.27,3844999.4,New Michelleville
66449.5,4.7,7.41,2.0,32375.53,3846605.35,Rebeccaville
72004.36,5.99,5.82,2.08,40716.49,3914004.68,Lake Kathleen
64658.69,7.47,7.51,3.45,33932.34,4355262.59,New Michelleville
76103.39,7.68,4.73,4.52,38159.26,4148568.88,Lake Kathleen
60804.01,6.75,7.08,5.26,33753.68,3830299.46,Rebeccaville
50831.0,6.84,8.32,3.0,47411.49,4069168.47,Lake Christinaport
56934.63,4.93,6.61,2.72,40760.31,3630248.73,South Anthony
63213.7,6.65,7.43,4.38,43516.93,4294692.75,Rebeccaville
83479.29,5.2,6.29,3.53,48159.18,4332325.4,Lake Christinaport
73864.77,5.67,7.63,4.92,47338.74,4390310.09,New Deniseton
50112.53,6.8,7.87,3.01,41980.07,3926883.63,North Jasonville
55571.11,4.15,7.69,4.11,20459.89,3050933.41,South Anthony
69514.05,6.17,4.82,5.14,30637.19,3792437.55,North Jasonville
77570.29,6.13,6.56,4.16,34275.21,4103701.67,Lake Christinaport
58218.09,4.52,8.51,5.69,33496.13,3934439.07,Rebeccaville
72207.58,6.14,7.54,3.56,50672.41,4478976.17,East Lucas
62199.3,6.8,7.85,4.57,41934.9,4327850.36,Lake Kathleen
68766.0,5.0,6.15,3.01,44846.06,3969293.78,South Anthony
67472.59,8.82,8.92,3.97,28978.44,4522081.38,Jenniferstad
86245.7,7.12,5.88,4.37,43702.34,4780048.41,New Michelleville
60802.67,6.05,5.85,4.13,43235.09,4144447.58,Jenniferstad
63470.37,5.36,7.21,3.01,37676.69,3930855.76,South Anthony
82325.51,7.33,7.2,4.0,49626.82,4840346.83,New Deniseton
65173.54,6.54,6.5,3.75,21276.3,3862559.93,South Anthony
78102.44,6.49,7.86,3.93,47762.64,4488349.18,Lake Christinaport
56188.77,5.87,7.49,3.94,36521.67,3690443.99,Port Adamtown
56917.39,5.59,6.73,4.42,27464.98,3687053.82,South Anthony
72964.91,6.21,5.01,4.17,29736.16,3915871.12,Port Adamtown
68899.52,6.07,8.14,2.24,35056.55,4166032.38,New Michelleville
54393.65,5.98,5.96,4.68,60090.41,4277252.24,New Michelleville
68469.71,5.21,5.84,2.89,48701.43,4090713.32,North Jasonville
83550.56,6.42,8.39,2.84,25493.81,4375199.75,Lake Kathleen
76496.13,7.52,6.72,3.63,32567.59,4389307.69,Port Adamtown
78177.69,4.76,6.55,3.62,33279.09,4081012.38,New Michelleville
60607.98,6.21,6.52,2.0,33945.4,3966426.07,North Jasonville
72357.75,5.83,8.44,5.37,19019.1,4077465.63,Jenniferstad
76116.2,7.48,7.29,2.0,45242.37,4712766.92,Rebeccaville
60891.18,6.11,6.9,4.5,38734.78,4098256.1,Lake Kathleen
73675.83,5.54,5.47,2.0,43411.37,3910939.63,Port Adamtown
55951.49,6.57,6.4,4.7,33868.8,3937433.67,New Michelleville
71493.8,4.68,6.94,3.51,51569.64,4154104.7,New Michelleville
64187.3,6.79,8.33,3.92,23494.93,4048940.35,New Deniseton
89670.21,6.14,6.12,2.7,24540.93,4278955.42,Port Adamtown
64017.65,7.37,7.38,4.63,42912.9,4494377.45,Port Adamtown
68686.26,4.39,7.81,4.38,29457.94,3706000.87,Lake Kathleen
59112.73,6.09,5.15,6.92,44512.54,3915874.31,Lake Kathleen
83234.43,5.23,6.95,3.67,38466.16,4499966.45,North Jasonville
54026.32,7.47,7.12,4.69,37674.3,3955222.75,Rebeccaville
63079.19,7.74,5.66,4.97,32650.82,3920348.84,North Jasonville
49389.99,5.71,6.87,4.14,39494.73,3682908.7,New Michelleville
54826.01,5.28,5.95,3.62,13193.66,3138716.32,Lake Kathleen
76002.86,7.42,7.15,6.11,31772.32,4433363.45,Jenniferstad
73723.24,6.99,7.83,3.63,35110.69,4300612.22,South Anthony
77664.71,6.42,7.93,2.0,52829.26,4841613.29,Lake Christinaport
77294.19,5.82,7.76,2.96,39341.03,4206683.99,New Michelleville
72693.58,5.39,7.4,2.18,35502.14,4272023.67,Lake Kathleen
70100.94,4.12,7.09,3.75,45881.73,4029223.24,Lake Kathleen
41918.77,5.95,7.08,4.6,28507.43,3545391.11,New Deniseton
68574.69,7.94,7.2,4.48,22370.61,4140060.28,New Deniseton
60503.63,5.11,8.18,5.2,14470.73,3519145.38,South Anthony
74473.65,6.16,7.3,3.26,36575.02,4284043.88,East Lucas
75435.69,6.6,6.17,4.2,46695.38,4294880.59,Jenniferstad
64334.18,6.85,6.49,2.41,39990.49,4171074.24,New Deniseton
60063.58,4.98,6.95,3.5,48574.37,3937380.8,North Jasonville
79932.7,4.93,7.12,5.28,43168.09,4285800.98,Port Adamtown
67838.57,5.26,7.52,2.54,35060.31,3965988.98,Jenniferstad
60715.94,6.63,7.28,5.22,20258.17,3807034.76,Rebeccaville
78776.5,6.34,7.25,3.32,52894.59,4639017.72,Lake Kathleen
73646.06,4.48,6.18,4.38,29004.12,3733293.02,East Lucas
82797.97,6.35,6.89,4.43,47343.43,4505875.72,Lake Kathleen
63397.32,6.37,6.71,2.4,33740.86,3877975.02,North Jasonville
73019.07,6.07,8.05,2.42,39819.87,4278734.27,Jenniferstad
73844.64,5.8,9.34,4.3,28825.01,4372119.53,Lake Christinaport
75856.98,5.48,6.12,2.84,40281.66,4237133.71,Rebeccaville
47530.53,5.45,6.66,4.2,37540.61,3529023.66,Jenniferstad
56014.43,6.49,6.39,5.47,41449.78,3950991.28,North Jasonville
79124.62,4.4,6.37,5.7,28043.86,3830692.3,Rebeccaville
84116.65,7.3,6.07,4.09,53647.21,4800723.52,Rebeccaville
68216.34,3.07,6.53,2.12,25979.76,3339498.9,Jenniferstad
68550.2,5.56,7.09,5.77,31028.69,4028021.26,New Deniseton
83372.97,5.58,6.33,4.07,28675.21,4125896.96,New Michelleville
68233.33,5.18,5.32,4.71,41234.09,3753768.73,Lake Christinaport
73527.81,6.3,5.8,3.1,41679.14,4208562.66,New Deniseton
57472.37,5.21,8.15,3.26,28206.98,3651178.3,North Jasonville
58604.32,7.63,5.5,2.96,10252.71,3615741.27,South Anthony
60197.97,6.12,8.81,3.55,32456.59,3963572.22,East Lucas
75815.59,5.31,7.4,2.94,30718.44,4094887.91,Lake Christinaport
73433.7,5.28,9.1,3.37,47662.1,4745168.28,Lake Christinaport
89247.7,5.9,11.0,2.0,44481.69,5093206.34,Port Adamtown
66996.32,5.59,7.39,4.51,33801.51,4015268.46,Lake Kathleen
60945.99,5.43,7.04,5.31,36169.27,3747938.9,Port Adamtown
72640.19,4.81,8.51,3.52,38433.39,4257401.18,Jenniferstad
80456.94,6.79,6.97,3.71,25287.62,4343223.03,South Anthony
45737.49,6.27,7.97,2.13,37793.82,3890416.97,North Jasonville
84205.28,6.52,7.41,3.17,18069.6,4229373.61,New Deniseton
61026.83,5.09,6.83,3.64,46240.17,3856014.59,Lake Christinaport
63707.07,5.86,5.58,3.41,26897.11,3584173.08,Lake Christinaport
66836.31,3.56,7.05,3.71,36542.9,3739259.45,Jenniferstad
63957.5,6.16,6.35,6.78,32553.3,3820769.86,East Lucas
62304.13,4.48,6.96,5.21,27159.18,3516096.36,East Lucas
58202.6,6.41,8.24,3.64,49249.48,4295935.51,New Deniseton
81079.71,6.89,6.79,3.32,37069.3,4411418.55,Port Adamtown
70307.33,6.72,8.62,3.75,30467.78,4321753.1,New Deniseton
71598.93,5.99,5.54,5.72,40392.79,4108185.46,Port Adamtown
69241.48,5.44,7.31,6.14,36714.09,4104547.2,New Michelleville
56462.02,7.25,4.95,3.09,24742.79,3543534.28,Lake Christinaport
82236.31,7.05,6.08,2.48,35017.39,4147821.77,Port Adamtown
69565.58,6.84,6.5,4.03,53970.39,4537962.38,South Anthony
67577.63,7.47,7.63,6.39,32540.2,4375441.44,Lake Christinaport
58827.64,6.08,7.98,2.02,43736.78,4095078.15,New Michelleville
73372.24,4.85,7.17,4.65,35530.32,3926783.77,Lake Kathleen
73781.47,6.46,6.65,3.18,47671.95,4316901.93,New Deniseton
50384.52,7.0,6.7,3.43,34764.89,3947359.1,North Jasonville
81249.81,6.43,6.61,4.71,34968.33,4269019.95,Lake Kathleen
77189.56,5.71,7.11,4.33,62902.82,4682287.4,South Anthony
80661.47,5.99,6.23,3.09,42780.89,4203351.44,Port Adamtown
72215.84,6.37,5.96,4.62,48304.75,4327459.51,East Lucas
57124.4,5.96,5.94,7.0,33972.97,3544625.82,New Michelleville
69747.43,6.52,6.7,2.37,44466.25,4309309.52,Lake Kathleen
75396.04,6.07,9.14,4.58,45328.5,4726120.66,Port Adamtown
69916.59,6.91,6.6,3.31,14676.47,3836089.1,Port Adamtown
73296.5,6.79,5.25,4.86,24780.0,3989046.41,Rebeccaville
67570.37,6.49,7.03,2.48,44389.27,4141175.24,East Lucas
67337.5,7.1,7.56,3.09,35259.19,4364943.38,East Lucas
84583.2,6.84,7.26,4.21,26498.88,4415060.58,South Anthony
91353.72,5.61,7.2,3.21,30512.72,4375932.5,New Michelleville
62913.03,5.47,8.6,4.05,29371.18,3733764.01,East Lucas
58236.41,5.46,6.96,5.18,29860.8,3654885.29,Rebeccaville
96836.13,6.37,6.0,3.75,35104.71,4647875.26,Rebeccaville
70448.34,4.4,7.65,2.73,40142.88,4011585.62,Port Adamtown
64333.71,4.35,5.78,5.67,31404.75,3546524.77,Lake Kathleen
50476.17,5.59,7.63,3.35,20607.89,3382147.15,Lake Christinaport
95092.31,7.05,8.3,5.35,43944.47,4987757.59,North Jasonville
70184.82,6.61,8.27,3.83,22707.34,4224517.97,South Anthony
76902.29,4.86,5.65,3.09,26958.62,3907189.57,Port Adamtown
80288.78,5.07,6.95,6.01,33763.84,4093017.14,South Anthony
71185.98,5.69,7.91,3.8,39845.32,4159661.43,New Deniseton
73930.61,4.92,7.87,2.99,31792.0,3937000.36,Lake Kathleen
81104.96,5.12,5.9,5.84,30039.13,4176131.91,North Jasonville
64858.19,6.58,5.89,7.0,41871.03,3941620.21,Lake Kathleen
69938.73,5.89,7.34,2.92,36763.01,4203746.8,Port Adamtown
95190.06,8.1,7.04,4.91,22934.78,4944451.94,East Lucas
65405.4,5.8,9.27,4.42,29373.51,4148506.66,East Lucas
58269.89,5.28,7.58,2.0,46987.04,4257131.79,Lake Christinaport
68158.72,5.95,7.26,2.8,43874.89,4154384.41,Lake Kathleen
81639.94,5.93,5.6,6.74,24159.62,3861337.01,Rebeccaville
51279.04,5.71,6.71,4.77,33532.73,3630454.38,North Jasonville
76534.03,6.04,4.94,4.31,38016.22,3947573.98,East Lucas
56771.1,7.14,7.62,2.82,31438.55,3918943.89,Lake Christinaport
73713.82,6.23,6.78,2.86,42723.11,4257747.5,East Lucas
61830.47,5.43,8.08,4.89,50346.4,4312329.39,South Anthony
52803.61,5.88,7.76,3.98,52586.62,4045753.96,New Michelleville
66640.21,5.78,8.92,2.68,38629.87,4211702.38,Lake Christinaport
59086.46,3.38,6.37,3.06,38242.06,3271324.09,East Lucas
59351.24,6.21,5.63,3.55,26360.65,3346725.19,Jenniferstad
72135.79,6.86,7.7,4.39,39279.8,4401876.58,Port Adamtown
75685.97,6.79,6.46,2.56,32537.54,4200539.19,New Michelleville
70158.67,6.32,7.35,3.9,44270.3,4289554.22,Lake Kathleen
92340.49,6.76,6.74,3.26,25098.09,4613763.43,South Anthony
67692.6,6.16,7.79,3.67,29921.54,4106007.33,East Lucas
57861.85,4.51,7.41,3.52,32695.24,3663560.27,North Jasonville
50165.92,6.64,7.76,3.15,43623.73,3972143.39,Rebeccaville
67678.45,5.88,5.47,4.09,20821.8,3773835.81,Lake Kathleen
81195.85,5.33,7.72,4.9,54629.53,4657425.71,New Deniseton
72961.04,6.21,7.15,2.0,65698.97,4645141.57,Lake Christinaport
57040.56,6.94,8.23,5.51,31176.15,3995734.89,Lake Christinaport
67621.66,6.5,7.05,2.96,29837.39,3986141.87,East Lucas
58016.96,6.49,5.34,4.82,40828.32,3729916.1,Lake Kathleen
68818.66,4.74,7.27,3.1,49093.09,4175642.94,Port Adamtown
72362.67,6.36,6.44,2.0,42615.31,4317168.64,New Michelleville
81028.25,6.37,7.86,2.0,42546.41,4514422.92,New Michelleville
63914.46,4.6,6.36,5.66,53254.82,4003442.4,Rebeccaville
66537.38,5.8,6.38,6.01,32013.59,3955231.17,East Lucas
68881.69,6.84,7.77,4.2,44145.29,4474304.77,East Lucas
66039.46,6.99,7.78,4.66,15297.17,4097620.64,Rebeccaville
56337.7,7.52,6.91,4.14,28818.06,4000963.45,East Lucas
62846.81,4.66,7.67,2.0,26974.47,3642866.47,Lake Kathleen
44768.55,5.08,6.82,3.54,35530.17,3372723.79,Lake Christinaport
54906.28,7.16,7.01,2.38,34506.62,3896939.31,North Jasonville
60763.29,7.37,7.29,5.18,38386.47,4180821.54,New Deniseton
69984.62,5.98,9.06,4.24,25909.86,4175400.09,Port Adamtown
44240.55,6.57,7.57,2.63,38008.51,3728129.17,East Lucas
58884.97,5.46,6.98,2.0,30619.75,3607885.39,Jenniferstad
57458.36,6.17,7.01,3.07,41511.77,3877156.42,Port Adamtown
96747.81,5.68,3.99,2.0,51263.64,4601037.42,North Jasonville
74054.29,4.74,6.84,4.79,42995.44,4061943.26,Lake Kathleen
73521.2,4.66,6.99,4.98,29779.8,3833181.9,Rebeccaville
79236.09,6.32,7.99,4.09,35675.89,4467063.65,South Anthony
60687.53,4.87,5.33,2.35,31825.84,3358520.65,North Jasonville
79242.06,7.24,7.26,5.23,23071.64,4373446.09,New Deniseton
71839.34,4.69,6.49,3.74,30422.38,3792162.06,Jenniferstad
70401.03,4.69,9.07,5.18,40273.2,4370384.96,South Anthony
76396.4,7.03,8.51,3.46,36921.02,4544268.78,Lake Christinaport
81897.89,5.32,7.29,2.45,42278.4,4562925.01,South Anthony
48606.05,6.94,7.16,4.12,24045.93,3491017.99,Jenniferstad
67941.43,4.8,6.61,4.77,33942.8,3786548.23,Jenniferstad
99313.32,6.09,7.73,2.35,45764.16,5083935.2,New Michelleville
82929.47,6.41,5.23,4.48,32593.0,4115149.74,Port Adamtown
71792.04,5.27,8.35,3.95,24845.5,3747369.66,Rebeccaville
62602.28,4.48,6.0,3.95,37608.1,3529836.58,Lake Christinaport
61710.41,6.89,6.04,6.48,24724.1,3661255.21,East Lucas
89436.15,6.06,7.82,3.06,38341.74,4538181.75,East Lucas
73662.92,7.05,6.9,2.56,50337.49,4535465.05,New Deniseton
58894.1,7.06,8.04,2.03,42039.31,4255635.54,South Anthony
76884.49,5.46,7.5,5.92,63876.15,4442730.64,Jenniferstad
63643.54,5.14,7.08,3.66,30522.53,3781394.95,East Lucas
60512.67,5.07,6.7,4.88,37911.35,3893777.94,Jenniferstad
63854.15,9.09,8.84,3.06,44219.72,4642011.43,Lake Christinaport
59942.68,4.7,7.38,5.0,12753.92,3259748.74,South Anthony
51388.11,5.71,7.25,2.58,28501.43,3461928.05,Jenniferstad
76182.14,6.57,6.67,3.86,33081.44,4265425.79,North Jasonville
68987.07,4.58,6.83,2.7,50997.23,4154687.73,Port Adamtown
46263.4,6.43,8.45,2.96,46215.54,4029426.62,East Lucas
34434.73,5.3,7.78,2.62,29744.87,3167899.58,South Anthony
74797.97,5.68,6.7,3.98,40660.48,4227522.21,Rebeccaville
84288.85,6.16,7.68,4.39,26199.14,4297114.16,New Deniseton
96281.64,5.05,7.68,3.93,35524.01,4652393.63,Port Adamtown
66945.72,5.73,5.99,2.01,41513.6,4144702.75,Rebeccaville
71082.72,4.92,5.62,2.81,30987.79,3783730.12,New Michelleville
56390.59,7.34,6.45,3.92,37540.97,3898044.51,New Michelleville
49376.02,7.0,7.05,4.0,37818.63,3840264.12,New Michelleville
70423.42,6.28,7.45,4.37,33860.92,4232471.99,Lake Kathleen
61562.4,7.54,6.96,5.06,32139.16,4104001.02,New Deniseton
70721.96,4.99,7.81,6.51,35910.37,4095778.31,Lake Kathleen
72792.08,4.94,8.72,2.99,34578.25,4260142.94,New Deniseton
53191.81,5.55,6.62,2.16,33938.46,3670817.76,Lake Christinaport
80068.19,4.91,7.92,5.24,49506.53,4496984.52,Jenniferstad
75399.32,4.75,7.32,4.57,50145.41,4272583.53,New Deniseton
87174.53,4.91,7.71,5.34,45411.65,4355207.35,New Michelleville
77689.97,7.45,7.0,2.66,47221.4,4927408.82,Jenniferstad
61062.62,6.21,9.64,2.11,50095.78,4392252.42,Port Adamtown
62969.86,5.74,7.82,3.62,26360.65,3787992.73,South Anthony
67881.53,5.71,8.22,3.42,21506.42,3905281.95,New Deniseton
56017.06,5.14,7.19,4.69,38825.49,3696518.63,North Jasonville
76636.82,5.07,8.43,2.6,31521.22,3960058.57,South Anthony
70213.32,5.82,6.49,2.77,38300.19,4130550.91,Jenniferstad
90542.7,6.47,7.38,3.01,45640.66,4814808.61,New Michelleville
63293.75,6.74,8.32,3.2,26008.71,4172122.09,South Anthony
63563.12,7.2,6.06,5.88,39796.21,4188569.89,Lake Kathleen
86883.41,5.77,6.15,2.45,13329.89,3912344.83,North Jasonville
77726.46,6.93,8.01,3.79,27508.54,4422027.06,Lake Christinaport
55719.35,5.37,5.37,5.43,30132.54,3516273.29,Rebeccaville
59727.11,5.9,6.36,4.81,51747.1,4086497.84,Lake Christinaport
74884.85,6.06,9.27,3.26,47729.56,4647749.46,Lake Christinaport
63845.48,6.26,7.93,4.16,29999.64,3926266.6,Lake Kathleen
67006.99,5.26,5.25,3.62,43368.18,3825399.86,New Michelleville
64394.63,5.34,6.2,5.71,52058.69,3910972.45,North Jasonville
94558.11,4.74,6.6,3.55,33882.75,4362369.75,Port Adamtown
54978.31,5.2,7.79,4.19,27064.52,3398538.67,South Anthony
55320.28,4.6,4.98,3.01,22085.99,3284841.2,New Michelleville
67301.0,5.57,7.87,5.58,36329.39,4017848.87,New Deniseton
73554.3,6.47,6.33,3.36,36097.33,4128906.08,South Anthony
64377.04,6.45,7.26,5.09,37647.07,4207853.65,South Anthony
51226.16,7.13,6.29,2.0,30205.51,3760346.23,East Lucas
65908.09,5.83,6.66,5.11,32757.17,3908442.69,East Lucas
58570.21,7.23,7.12,3.71,58997.08,4425157.89,Lake Christinaport
81609.6,6.67,6.62,6.91,49889.38,4702391.56,Rebeccaville
80116.39,9.02,7.13,5.8,40299.42,4868169.08,East Lucas
60727.75,6.25,8.11,3.81,32575.03,3989390.5,Rebeccaville
65003.71,5.6,8.81,5.67,54297.06,4605381.19,Lake Kathleen
78809.53,5.23,6.9,3.58,41844.6,4177798.31,Lake Christinaport
81102.16,6.52,7.37,3.42,45973.32,4730360.99,North Jasonville
59378.93,6.8,5.88,4.6,47913.62,3945139.37,New Deniseton
84432.61,6.8,5.21,4.43,35430.23,4350046.14,South Anthony
79251.24,5.78,8.64,3.76,47173.08,4496828.19,Port Adamtown
90982.9,4.94,8.81,2.57,28165.03,4476565.21,North Jasonville
79028.55,6.66,5.57,2.84,37689.33,4295926.4,Jenniferstad
50948.25,4.84,4.89,2.04,18866.23,2955293.57,Lake Christinaport
69928.35,5.93,6.22,4.47,39594.5,3947696.35,New Michelleville
72109.09,6.18,7.92,4.25,28198.35,4161345.4,Lake Kathleen
73131.92,6.67,6.27,3.06,28279.63,3994429.53,Lake Kathleen
76875.9,3.26,7.96,4.41,33436.21,3944683.48,Jenniferstad
65901.53,6.88,7.03,3.75,28110.15,4108925.1,South Anthony
71451.86,6.06,7.01,3.33,47775.71,4357426.26,Lake Kathleen
66095.03,4.99,6.44,4.67,41772.02,3904691.37,East Lucas
47471.15,6.8,6.51,5.16,51553.35,3996379.3,Lake Christinaport
65455.09,5.43,5.57,4.29,38878.46,3745932.17,North Jasonville
56947.82,5.11,6.75,5.26,42388.83,3928376.58,Jenniferstad
74489.09,5.48,8.65,2.77,34550.83,4471531.8,Jenniferstad
91716.09,5.65,6.06,4.2,43488.7,4602149.18,East Lucas
69618.01,5.99,9.07,6.71,33358.6,4154450.06,New Michelleville
68387.97,6.5,5.66,4.66,20211.63,3531975.59,Lake Kathleen
67752.2,4.3,6.42,4.33,29369.89,3788198.98,Lake Christinaport
66430.6,5.64,8.36,5.71,33442.85,4027104.42,New Deniseton
67510.51,5.8,4.96,2.66,27652.17,3680390.97,Jenniferstad
68417.58,5.76,7.65,5.54,48390.06,4159826.56,South Anthony
78840.81,6.79,6.52,3.61,40879.34,4369809.79,South Anthony
67994.91,6.86,4.43,3.75,33184.76,3851806.95,New Deniseton
65513.62,6.72,7.51,4.47,51474.03,4532063.2,Jenniferstad
58367.97,5.88,6.79,5.06,24597.49,3494040.02,Lake Kathleen
64247.72,5.89,6.14,4.83,26778.72,3828188.2,South Anthony
71526.1,5.59,7.72,4.76,41185.26,4220816.61,Lake Christinaport
80741.81,6.14,7.3,3.4,31576.11,4235592.4,North Jasonville
70826.28,5.57,6.63,4.74,18974.71,3851998.43,Port Adamtown
73047.46,4.66,7.33,2.67,29310.56,3791851.56,Lake Kathleen
70964.11,4.78,7.22,2.71,43528.52,4125399.11,Port Adamtown
52967.71,6.05,7.53,3.76,59048.95,4279200.39,New Michelleville
65691.57,5.22,6.49,2.27,26821.12,3746373.67,Port Adamtown
75952.16,5.86,6.29,2.92,15208.12,3942673.45,New Deniseton
74953.51,6.05,6.3,2.64,31255.57,4173446.09,South Anthony
71501.09,5.74,6.69,5.33,34786.06,4073268.38,New Michelleville
65636.87,6.91,6.24,2.72,42382.28,4216906.45,North Jasonville
78385.55,8.07,6.09,4.05,41094.67,4716212.52,East Lucas
63900.69,6.45,6.62,2.29,24517.53,3633713.78,New Michelleville
87816.72,8.01,6.38,3.37,27932.55,4542559.5,Port Adamtown
69311.19,5.09,6.11,4.53,26284.0,3667683.28,New Michelleville
79488.92,6.19,7.78,4.73,19290.5,4261480.29,New Michelleville
61948.17,4.79,5.65,3.87,61176.97,3919765.54,New Michelleville
67357.86,5.68,6.36,5.01,46116.86,4091368.5,Jenniferstad
74674.2,5.83,7.6,4.17,24423.28,3932507.81,New Deniseton
68058.2,5.66,5.47,3.3,39935.43,4074288.91,New Michelleville
62323.62,5.31,7.0,2.09,35810.3,3690249.52,East Lucas
91483.72,7.12,6.49,3.57,54637.08,4761801.86,Rebeccaville
73643.83,5.63,6.24,4.68,31917.28,3946108.1,Lake Kathleen
76105.22,4.46,5.22,3.65,23590.45,3550980.9,Lake Kathleen
56697.19,6.7,4.77,4.59,35753.27,3730236.49,Port Adamtown
66168.66,7.01,5.81,2.74,49592.51,4327408.08,New Deniseton
63990.36,6.74,7.24,2.59,34229.4,4127917.83,New Michelleville
64770.05,6.43,4.96,2.88,31826.93,3706030.49,Rebeccaville
61549.54,3.48,5.21,5.35,34064.83,3281292.01,New Deniseton
79482.65,5.46,5.29,3.7,20031.67,3630118.73,Rebeccaville
65740.62,5.84,9.05,3.33,22638.41,4099472.98,New Michelleville
86592.0,5.1,7.0,3.59,29837.14,4237632.23,New Michelleville
72986.64,7.19,6.73,4.07,28851.39,4386622.5,Rebeccaville
66364.47,6.35,5.43,4.82,37678.51,3862548.26,Jenniferstad
64222.58,5.47,7.0,5.27,25357.98,3852307.35,East Lucas
45709.03,5.66,7.44,2.61,43013.34,3533367.96,Lake Christinaport
77070.14,5.56,7.78,4.94,34000.25,4339940.37,Port Adamtown
46939.66,6.51,6.58,4.69,40674.02,3737136.1,Rebeccaville
73789.68,5.46,8.16,3.49,32774.18,4219508.83,Rebeccaville
68705.97,5.84,6.54,3.63,28414.76,3739170.76,Lake Christinaport
68511.63,4.18,7.44,4.75,33926.98,3884522.88,Rebeccaville
76631.83,6.28,7.27,3.99,34005.42,4241274.87,Jenniferstad
76334.9,4.46,5.85,2.26,46005.01,4098842.28,North Jasonville
62464.91,6.43,7.61,5.5,34965.7,4121993.74,New Deniseton
81371.72,7.38,8.19,3.8,38626.74,4583936.76,New Deniseton
64635.9,6.44,6.86,5.58,58481.72,4519460.71,North Jasonville
70833.71,3.6,8.34,3.99,40909.19,3842005.23,Jenniferstad
72878.02,6.5,8.41,2.8,36687.01,4427588.32,Lake Christinaport
77939.91,4.72,6.34,3.0,28018.78,3900055.45,Jenniferstad
76388.2,4.91,6.8,2.9,58274.12,4283421.04,Lake Kathleen
78154.57,6.78,6.71,3.12,40674.21,4506859.76,South Anthony
73620.36,6.38,5.88,3.98,36073.68,4087697.67,North Jasonville
55045.14,6.99,6.48,3.66,48578.73,4014517.19,North Jasonville
67120.96,5.87,5.27,4.85,7905.49,3405948.07,New Michelleville
78185.18,5.63,8.11,4.09,32974.19,4286437.74,New Deniseton
46549.36,4.96,6.24,4.09,31480.95,3209848.66,Jenniferstad
63206.66,5.17,7.32,2.68,20627.62,3687863.86,Lake Christinaport
56318.76,6.48,6.43,4.36,32320.4,3949387.21,North Jasonville
83447.78,3.52,7.26,4.55,37017.52,4088635.57,Rebeccaville
75979.67,5.42,7.19,3.32,42548.42,4331061.71,New Michelleville
64434.89,6.04,7.5,4.96,31470.32,3738913.37,Jenniferstad
85873.92,8.58,8.65,2.41,16751.42,4850467.03,East Lucas
68301.94,5.81,7.23,3.4,20276.18,4032263.78,Lake Christinaport
84473.52,8.14,6.48,2.84,35094.28,4637158.6,South Anthony
66396.15,7.36,6.56,5.72,43204.79,4132839.57,New Deniseton
67035.1,7.76,5.75,2.74,44677.39,4283988.41,Lake Kathleen
63028.85,6.11,8.25,3.87,32463.66,4062927.14,Rebeccaville
84469.48,5.79,5.42,2.98,36997.17,4115349.1,South Anthony
76178.01,7.35,7.26,3.34,40141.52,4519516.7,Lake Christinaport
69154.39,6.0,9.79,2.88,44057.43,4656056.09,North Jasonville
71621.07,7.59,6.97,4.31,30572.39,4212051.58,New Deniseton
75793.68,6.79,6.65,3.75,33445.22,4246362.19,South Anthony
72734.19,4.79,5.64,4.58,43868.85,3903408.12,Lake Kathleen
102686.88,4.96,6.22,2.88,55470.04,4788435.49,Port Adamtown
77578.85,6.24,5.27,5.06,28704.78,4047759.13,Lake Christinaport
78466.09,5.82,7.32,6.47,30474.45,4071814.28,Lake Christinaport
66064.2,7.61,7.21,2.45,36935.19,4304766.61,South Anthony
66116.36,6.34,7.19,3.46,35558.3,4038099.95,South Anthony
67414.41,4.96,7.29,4.17,24902.02,3816604.83,Lake Christinaport
53145.76,4.19,6.01,2.08,38120.23,3322711.87,Lake Christinaport
72116.45,5.29,6.98,4.02,33325.41,4120586.33,Lake Kathleen
65691.63,5.36,8.59,4.75,31196.33,3889152.77,South Anthony
59514.11,6.52,6.18,3.4,25494.66,3675438.24,Jenniferstad
70110.91,6.13,7.59,2.0,24944.39,3994222.47,Rebeccaville
75050.39,5.43,6.15,6.36,29988.92,3898522.74,Lake Kathleen
74720.05,6.53,6.62,5.2,34256.64,4091617.18,Port Adamtown
78317.04,5.06,6.12,3.69,22322.57,3710805.26,South Anthony
48627.27,7.18,6.05,2.39,36735.67,3730478.93,Lake Christinaport
64825.2,7.57,6.19,3.44,32397.43,3936944.62,New Michelleville
65809.01,4.6,7.15,4.1,56541.81,4317456.05,New Deniseton
65732.18,6.46,5.06,4.82,39167.26,4008872.41,New Deniseton
77664.87,5.02,6.84,5.98,18646.62,3958111.45,New Michelleville
47371.11,6.12,6.65,3.83,44939.03,3771034.87,Port Adamtown
67575.36,4.88,8.43,2.0,59584.36,4297883.51,Port Adamtown
64527.85,7.57,8.82,2.72,32893.41,4423815.9,South Anthony
92718.5,7.23,6.2,4.02,46093.47,4870849.59,South Anthony
58236.68,5.38,7.98,2.64,33432.33,3782172.77,Port Adamtown
66290.19,6.18,5.55,4.42,27916.71,3857194.89,Jenniferstad
82041.11,5.23,5.72,3.89,33178.86,4109105.55,North Jasonville
52277.88,4.53,7.58,3.39,49306.13,3711625.02,Port Adamtown
88911.12,5.15,6.18,3.32,27762.29,4217796.64,Rebeccaville
76619.3,5.88,8.6,4.34,31622.04,4330461.54,New Michelleville
67963.78,6.8,7.58,5.26,25465.92,4027855.78,East Lucas
83220.22,7.1,6.51,5.66,33814.1,4360200.31,Jenniferstad
70079.93,5.22,7.38,4.07,31913.43,4057474.3,North Jasonville
52344.66,5.05,7.75,5.39,58892.97,4044327.2,East Lucas
62314.55,4.92,10.35,4.93,40911.22,4342232.15,New Deniseton
58068.6,6.94,5.88,5.07,30401.19,3785651.44,East Lucas
74324.31,4.55,7.52,3.99,34819.34,3791774.67,New Michelleville
76858.48,6.32,6.19,3.47,38640.09,4340882.07,South Anthony
65242.68,7.93,7.02,4.81,41335.88,4472698.25,North Jasonville
67940.84,7.18,5.96,2.94,20334.04,3696663.9,South Anthony
77879.14,5.76,8.4,3.98,42476.19,4554088.41,Jenniferstad
60322.14,6.19,6.03,2.5,37707.1,3766601.62,Rebeccaville
84001.65,3.93,7.13,4.63,30624.61,4019210.95,South Anthony
71970.8,5.81,5.52,7.0,42216.8,4103201.55,Jenniferstad
67687.65,6.57,6.44,4.12,38209.47,4047233.18,East Lucas
55359.99,5.79,6.1,4.93,36341.94,3527990.3,Lake Christinaport
71874.57,5.76,6.8,4.26,68639.49,4597988.27,Port Adamtown
74067.7,6.25,6.41,5.01,33897.05,4142582.65,New Michelleville
62518.16,5.89,7.85,3.63,36897.75,3853141.57,North Jasonville
79877.48,6.37,6.44,4.58,37832.57,4448635.25,Lake Kathleen
69559.59,5.13,6.25,2.15,52047.81,3986670.01,Rebeccaville
75059.19,7.15,7.27,4.11,36424.07,4371913.1,South Anthony
78728.48,5.45,5.6,4.8,30322.03,4057946.55,South Anthony
39840.84,6.21,8.03,3.36,39132.99,3679370.68,East Lucas
58006.19,6.3,6.52,3.32,41782.38,4085974.91,Rebeccaville
73558.45,5.2,6.21,3.12,44629.2,4162732.33,Lake Kathleen
54261.95,6.59,9.04,2.0,33499.56,4140232.84,Lake Kathleen
68507.84,4.32,8.15,3.75,40801.74,4062510.71,Rebeccaville
92637.27,5.62,6.46,4.52,33174.19,4557141.82,New Michelleville
68871.17,5.35,5.5,4.42,65069.27,4344859.55,South Anthony
72595.76,5.23,6.72,3.63,43131.36,4142686.36,Lake Christinaport
69677.47,7.28,7.49,2.36,39875.48,4531412.93,East Lucas
69411.98,3.37,6.58,3.76,35418.29,3728118.99,New Deniseton
54179.35,6.27,6.07,3.96,26487.72,3488453.46,Lake Kathleen
66386.81,6.5,5.76,4.46,48489.24,4183323.97,East Lucas
84238.32,6.98,7.66,4.01,30703.35,4534913.71,New Michelleville
71120.34,6.3,6.21,4.71,47998.35,4302931.77,Port Adamtown
78986.5,6.59,8.87,4.12,30408.47,4319795.41,East Lucas
74973.7,5.95,5.89,4.09,42125.55,4089981.26,East Lucas
85776.7,4.71,6.35,4.92,31067.73,4034176.19,East Lucas
68819.02,6.76,7.32,4.44,33398.24,4300237.81,New Michelleville
70358.64,7.59,6.68,4.67,33373.01,4211245.4,Lake Christinaport
56812.96,6.37,7.55,4.57,36473.64,3960658.79,Port Adamtown
64017.94,5.7,6.54,4.72,35535.63,3989060.64,New Michelleville
91037.03,6.9,5.93,4.68,36698.03,4661498.77,East Lucas
72738.95,5.87,6.69,2.95,35655.28,4136027.92,Rebeccaville
68669.11,7.08,5.06,4.35,26690.32,3680295.11,Lake Christinaport
54947.56,7.41,7.72,6.25,22799.61,3978777.86,New Michelleville
73793.14,6.66,5.85,5.44,28786.6,3965957.86,North Jasonville
67876.12,5.36,6.9,4.3,51989.08,4235475.74,North Jasonville
59060.32,6.09,6.82,4.59,50016.84,3891255.27,New Michelleville
61172.54,6.53,5.67,3.91,67504.79,4377614.73,Rebeccaville
74740.84,6.93,7.07,3.2,18778.43,4251473.81,South Anthony
74819.66,5.82,5.87,2.0,21540.93,3957685.57,New Michelleville
56475.01,7.65,4.82,3.94,25360.43,3862673.23,New Michelleville
82284.07,6.28,7.08,3.01,35464.95,4580528.74,New Michelleville
66903.63,5.79,6.8,3.43,35834.48,4155051.8,Port Adamtown
78064.67,5.19,8.14,5.17,26230.89,4273603.48,East Lucas
59515.69,7.18,6.33,2.2,37494.25,4086858.9,Lake Christinaport
58290.65,5.22,7.32,7.0,46982.36,3888735.33,South Anthony
76544.58,4.93,7.93,4.35,30498.83,4156767.88,Port Adamtown
76243.1,8.08,7.83,5.16,30365.12,4439145.83,New Michelleville
68853.89,7.37,7.05,2.46,53445.61,4700485.98,North Jasonville
61223.21,6.71,6.65,2.25,42900.42,3967519.63,New Michelleville
57982.61,6.06,7.86,5.66,37389.99,4017337.04,Lake Kathleen
59844.89,5.0,7.15,3.34,37200.14,3690449.86,New Deniseton
53508.43,6.92,6.85,4.44,42687.53,3873003.47,New Michelleville
80067.31,7.19,7.87,2.0,42617.23,4588364.28,Jenniferstad
76954.06,6.51,6.47,5.45,42392.69,4470046.91,East Lucas
68532.26,4.42,5.95,3.06,36206.8,3522138.48,Lake Christinaport
78232.07,6.68,7.65,6.92,28929.44,4322715.8,East Lucas
55057.07,6.18,7.88,3.91,28929.18,3724157.3,East Lucas
67369.94,6.29,6.54,3.71,24918.35,3891182.7,Lake Christinaport
68684.01,5.15,8.8,3.88,31779.75,4059141.52,Port Adamtown
84536.72,5.16,6.03,2.89,30102.27,4264164.32,East Lucas
80242.33,7.91,6.11,2.0,32651.99,4296216.63,New Michelleville
71982.94,5.85,7.62,4.56,55175.41,4509776.01,Lake Kathleen
64124.42,4.65,6.86,2.44,44489.45,3949473.54,Jenniferstad
73312.05,6.37,6.11,3.99,37725.72,4101095.48,New Deniseton
71325.46,4.62,7.22,4.76,51960.26,4179190.88,Rebeccaville
68216.47,5.67,5.25,2.57,39564.9,3999288.24,Jenniferstad
44833.94,4.43,6.88,3.98,52499.58,3609172.74,North Jasonville
80934.08,5.47,6.61,5.01,33398.77,4150164.38,Port Adamtown
77179.04,5.72,7.39,3.46,36327.99,4493633.76,New Michelleville
92400.88,5.52,7.62,2.34,54419.43,4789022.3,Rebeccaville
57504.42,5.92,8.3,4.78,26909.04,3714280.18,Rebeccaville
50967.93,6.4,7.33,5.46,50117.08,3990018.65,Jenniferstad
69081.97,7.76,7.14,2.0,29188.19,4298675.84,Lake Christinaport
72193.37,7.24,8.14,4.32,40820.06,4618755.98,East Lucas
81996.58,6.99,6.1,4.82,44808.71,4473693.9,East Lucas
74501.8,6.84,5.5,5.26,32587.43,4081182.74,Lake Kathleen
66267.26,6.37,6.26,2.87,41138.75,3974335.28,North Jasonville
50950.98,5.9,5.69,4.41,46441.54,3489504.44,Port Adamtown
73972.69,7.96,5.69,3.99,38683.21,4266572.37,New Deniseton
74938.65,6.27,6.31,3.69,23588.39,4030028.06,Port Adamtown
62796.65,5.27,7.74,3.62,41900.72,4164481.85,New Michelleville
57553.69,5.77,7.58,4.48,33012.17,3826112.54,North Jasonville
65268.13,6.81,6.55,5.92,24452.98,3855273.31,Lake Kathleen
79253.03,5.79,7.9,4.08,59397.46,4835318.68,North Jasonville
56839.72,5.38,6.52,3.49,44810.52,3870394.23,New Michelleville
78096.32,2.96,6.22,3.34,31236.94,3747796.07,Port Adamtown
74880.61,4.87,7.75,3.37,17681.86,3890956.77,North Jasonville
89340.66,6.33,6.0,4.61,33971.46,4325582.94,New Deniseton
85335.82,6.01,7.39,2.68,56116.71,4872569.81,Lake Kathleen
58995.27,4.97,7.67,3.96,38348.39,3772378.03,East Lucas
58736.05,6.8,8.23,4.76,25625.86,3701670.59,North Jasonville
75518.54,5.16,6.95,3.89,33662.06,3964349.93,North Jasonville
74990.35,7.58,7.25,3.76,44325.36,4632543.25,Rebeccaville
67041.5,5.56,6.55,4.12,24993.73,3649217.76,South Anthony
45892.12,5.12,7.54,5.62,32161.88,3272684.37,New Deniseton
59328.42,6.38,6.64,2.24,37336.63,3828431.02,Rebeccaville
84515.49,5.53,7.27,4.04,25230.5,4298214.54,Rebeccaville
70937.7,7.04,6.44,2.0,42736.66,4281571.46,East Lucas
42311.17,7.53,6.32,5.12,35175.06,3520026.43,East Lucas
45396.82,5.84,6.47,5.32,39390.79,3584050.99,North Jasonville
66704.56,6.2,6.65,4.71,39886.64,4091919.94,Lake Christinaport
75455.0,5.48,6.14,3.05,36856.09,4066231.99,Port Adamtown
69668.91,5.6,7.5,4.13,41924.84,4152955.44,East Lucas
58111.08,6.02,6.66,3.43,43154.5,3932937.93,Port Adamtown
56202.5,5.96,8.35,2.57,44995.68,4101629.04,South Anthony
67402.51,7.35,5.05,4.07,32276.88,4186496.2,Port Adamtown
63293.78,6.47,6.44,4.79,27942.02,3779616.01,New Michelleville
62197.38,4.71,6.3,4.46,42401.04,3605954.18,Lake Christinaport
72384.05,5.12,8.11,6.29,53735.12,4477233.15,Jenniferstad
79899.59,6.54,7.33,2.17,30607.65,4237758.76,Lake Christinaport
54909.37,7.39,5.32,2.99,45711.7,4060434.56,South Anthony
88141.72,7.47,6.91,2.8,32975.28,4681389.2,East Lucas
67109.91,4.15,7.48,3.23,50089.6,3965948.3,South Anthony
70515.06,6.22,7.1,2.0,23433.21,4048442.52,Rebeccaville
65611.3,7.52,7.53,4.26,40418.3,4434973.71,Jenniferstad
54844.04,6.57,6.01,4.54,24067.76,3781610.09,South Anthony
67133.26,5.91,6.51,3.45,28905.43,3846879.57,East Lucas
87266.85,7.3,5.73,2.94,48841.31,4804681.14,Rebeccaville
68561.13,7.39,6.33,2.26,35367.93,4149102.46,South Anthony
62629.83,7.95,7.5,3.81,38033.72,4441907.48,East Lucas
68971.55,6.44,6.46,4.16,33936.27,4081234.25,Lake Kathleen
76180.79,5.29,6.02,3.79,29643.97,4024174.21,East Lucas
63663.85,6.0,7.87,6.74,22181.65,3921308.1,New Michelleville
80678.62,5.42,6.64,4.19,31329.43,4027285.56,New Deniseton
73329.59,5.94,7.43,4.28,35895.78,4142620.84,Rebeccaville
71247.51,5.51,6.9,5.2,27236.59,3902429.45,Lake Christinaport
63819.29,3.47,7.11,3.43,40569.07,3653337.28,Rebeccaville
66938.99,7.24,5.84,3.12,49568.52,4450501.72,Lake Christinaport
68565.95,8.09,6.66,2.47,43215.94,4466775.54,Jenniferstad
74003.89,4.41,6.88,3.55,40593.18,3950218.26,Port Adamtown
75029.53,4.16,6.41,3.91,34451.75,3695718.26,North Jasonville
75450.41,6.2,7.23,4.56,52910.98,4525404.34,Lake Christinaport
69918.86,5.03,6.91,4.76,19641.04,3631967.19,New Michelleville
78170.32,4.89,6.49,4.17,49931.17,4227704.33,Lake Kathleen
60895.32,4.9,6.38,6.31,28558.74,3589691.65,New Michelleville
61998.38,5.64,8.43,4.07,26480.65,3914724.89,New Deniseton
74892.21,6.19,5.25,6.47,39419.32,4015684.59,North Jasonville
64317.73,4.85,4.44,4.56,47618.2,3667621.8,New Deniseton
73748.09,6.94,6.89,3.79,49247.2,4648118.47,South Anthony
76281.72,5.31,7.45,2.43,26687.68,4268819.29,Lake Kathleen
79544.14,6.24,6.71,3.55,36860.8,4577697.18,Rebeccaville
65175.91,5.75,6.95,2.18,22147.16,3891825.42,North Jasonville
71894.87,3.2,9.26,4.66,39776.21,4219279.78,Lake Christinaport
74870.89,6.96,8.08,2.85,19560.96,4274111.92,Rebeccaville
77319.09,5.58,6.99,4.96,36794.1,4248098.37,Lake Kathleen
57993.17,7.45,7.4,5.05,36412.24,4146349.97,Lake Christinaport
86239.96,5.78,6.59,3.43,23782.66,4150732.22,North Jasonville
47592.28,5.29,6.18,3.99,38663.64,3395843.21,Rebeccaville
67028.48,3.84,5.15,4.89,46675.32,3684680.98,East Lucas
64059.84,6.4,6.24,3.36,49341.3,4265507.68,Port Adamtown
63183.51,5.67,5.76,2.72,35162.12,3608872.04,Port Adamtown
65126.27,5.67,7.19,2.64,36791.31,3961013.08,Lake Christinaport
68931.65,4.99,7.08,3.47,39726.85,4013516.04,Rebeccaville
76719.81,5.54,8.0,2.17,30302.96,4105408.19,South Anthony
85620.93,6.88,7.11,3.76,31652.32,4672376.06,New Deniseton
42492.63,7.74,5.55,3.94,23949.28,3424665.34,East Lucas
76994.01,6.12,5.26,4.17,33986.2,3967709.96,Jenniferstad
62297.73,5.98,6.94,4.68,38220.68,3852466.49,Rebeccaville
66210.31,8.14,6.19,4.06,31863.13,4057612.21,Jenniferstad
84682.08,7.1,6.76,2.57,37971.38,4526434.35,Rebeccaville
66100.01,5.45,7.32,2.42,40708.02,4016885.32,Rebeccaville
73105.11,5.08,6.89,5.86,47721.32,4355965.21,East Lucas
77271.04,5.54,6.54,2.63,22143.53,3923852.89,New Deniseton
71667.66,7.29,8.7,3.6,40855.39,4696610.12,Rebeccaville
80256.63,6.6,5.03,6.0,35807.19,4254677.79,North Jasonville
73222.22,5.16,6.71,4.42,41570.94,4175595.66,Jenniferstad
67027.03,4.75,8.02,2.63,43729.32,4157716.65,New Michelleville
82966.66,5.55,5.9,2.62,32220.08,4271712.03,Lake Christinaport
72641.43,8.03,7.57,4.18,36267.28,4659946.62,North Jasonville
66636.4,7.64,7.58,5.1,35009.21,4297563.67,Lake Kathleen
64477.61,6.06,6.2,3.22,54385.78,4153795.53,Lake Kathleen
57314.76,6.24,7.64,4.2,43316.44,3980770.98,Lake Kathleen
79595.58,5.09,5.32,4.48,23640.06,3530160.82,East Lucas
83582.7,5.09,8.89,5.11,31591.88,4367104.34,East Lucas
84616.12,6.5,8.2,2.28,39131.62,4577759.14,Port Adamtown
67046.61,4.9,6.61,2.14,19193.18,3633667.86,Lake Kathleen
81312.17,5.36,6.68,3.6,38055.91,4195957.88,East Lucas
55497.53,6.85,7.56,2.56,51172.44,4170933.86,Rebeccaville
63280.97,4.28,7.84,3.86,34757.94,3849942.36,Lake Kathleen
63927.92,6.05,6.47,4.5,43587.23,4128096.65,South Anthony
54830.67,5.7,5.04,4.14,41658.1,3565031.05,East Lucas
84348.49,7.44,8.03,2.03,44867.62,5013743.54,Rebeccaville
69502.95,6.71,6.72,5.21,55752.45,4510297.42,Port Adamtown
84628.36,7.09,6.7,4.97,29473.89,4571495.46,New Deniseton
84901.57,5.59,5.87,2.0,39187.37,4233549.59,East Lucas
89693.84,5.55,7.43,2.91,55774.26,4866431.95,Lake Christinaport
84317.26,5.38,5.7,3.82,44313.76,4301833.1,Lake Christinaport
74021.65,6.07,7.87,2.83,31212.2,4104168.76,East Lucas
49925.96,8.58,6.62,6.06,42080.69,4222026.31,East Lucas
64958.77,5.37,4.0,4.54,35397.72,3605331.39,New Michelleville
71426.25,4.92,7.91,2.21,24235.24,4047127.69,Lake Christinaport
82886.84,5.32,8.52,3.07,18532.9,4117307.16,Lake Kathleen
63198.41,5.36,7.37,2.57,38284.9,3888763.86,Port Adamtown
67435.62,5.29,5.22,4.76,31364.28,3615747.47,Rebeccaville
80388.01,5.48,7.38,5.2,43739.67,4299603.21,Lake Christinaport
55177.79,7.09,9.06,5.25,44058.73,4273416.96,Lake Kathleen
65709.61,5.93,7.96,3.79,34624.8,3997205.91,Jenniferstad
73782.43,5.08,7.53,3.81,33600.55,3976910.2,East Lucas
80121.65,3.94,6.96,2.63,34003.19,3772022.14,North Jasonville
70502.26,5.37,6.9,6.85,40782.39,3971425.61,Port Adamtown
84119.07,6.14,7.24,5.1,23019.37,4156501.72,Rebeccaville
57219.19,5.79,7.87,2.1,36098.95,3827146.98,Jenniferstad
48233.24,4.27,5.99,2.0,44203.55,3311783.35,Lake Kathleen
75310.22,2.63,6.71,6.1,30976.55,3498213.99,Jenniferstad
74708.22,5.21,8.09,5.59,39164.8,4161173.47,Lake Kathleen
49459.73,6.57,7.32,3.82,35708.69,3714462.46,New Michelleville
61022.92,6.56,10.29,2.09,28713.08,4323698.37,South Anthony
61716.1,8.3,5.01,4.8,25228.75,3931012.39,Lake Kathleen
57417.72,7.37,8.24,4.66,26374.78,3990603.31,Port Adamtown
83080.95,5.07,6.84,6.18,38878.11,4424309.02,South Anthony
46700.01,7.28,3.36,4.72,51954.37,3678033.1,Rebeccaville
77149.96,4.77,6.22,3.48,34653.73,3872601.41,Jenniferstad
83867.98,7.43,7.68,5.72,44486.85,4832936.31,Rebeccaville
67134.58,6.48,7.28,4.74,19709.14,3994310.69,Lake Kathleen
76399.72,6.98,6.13,6.49,47128.53,4720359.88,North Jasonville
56778.99,6.05,5.89,5.26,31844.98,3716407.61,Rebeccaville
75880.45,6.09,7.44,4.8,49188.29,4418396.59,Jenniferstad
58221.55,4.61,6.58,4.75,37303.93,3670059.5,North Jasonville
85148.9,4.77,5.33,2.45,25082.86,4009595.68,Lake Christinaport
78229.92,5.64,7.98,4.82,32665.13,4366669.86,East Lucas
67128.63,5.58,6.91,5.59,32722.22,3895162.15,Jenniferstad
53590.49,6.15,6.86,3.32,40738.25,3972833.38,Port Adamtown
79158.02,5.22,5.51,4.12,60419.05,4330564.59,New Michelleville
63231.28,6.93,7.45,3.5,43140.35,4450236.43,Jenniferstad
71870.79,6.45,6.54,6.21,52948.86,4346466.84,Jenniferstad
66151.09,6.28,5.83,6.09,3233.63,3391324.69,South Anthony
72655.03,5.11,6.59,2.4,28282.13,3757712.63,Lake Christinaport
63861.95,5.41,7.32,2.69,39681.77,4030200.56,North Jasonville
46955.49,5.77,10.13,3.75,30126.52,3797962.2,Rebeccaville
68422.13,6.22,7.68,2.0,32679.77,3979829.62,Lake Kathleen
82182.62,6.07,5.07,3.47,23599.65,3952151.71,Rebeccaville
73144.21,7.23,5.19,4.76,36029.97,4171146.18,Lake Kathleen
61179.69,6.83,7.74,4.8,33312.33,4122555.68,Port Adamtown
58168.44,7.09,8.97,3.29,31722.42,4386597.47,New Michelleville
64078.47,4.53,5.54,4.73,34045.41,3339975.91,Port Adamtown
75704.28,6.54,5.78,3.89,42501.42,4352102.79,East Lucas
52334.21,6.4,9.05,4.17,24172.86,3704923.93,Port Adamtown
85969.81,7.21,6.19,2.23,39819.68,4561581.41,Lake Christinaport
61719.27,5.46,7.04,4.33,20315.85,3460078.29,New Michelleville
65166.01,5.85,8.25,4.92,31338.4,4022958.0,New Deniseton
86781.9,6.87,4.81,5.6,35454.15,4454033.24,Lake Kathleen
64553.41,6.63,8.55,6.2,36909.06,4307855.88,South Anthony
65020.38,4.53,6.57,4.66,20860.07,3611663.95,South Anthony
55501.9,7.07,9.23,2.61,952.44,3493857.82,South Anthony
56237.64,5.79,7.72,4.68,25403.15,3742312.21,Lake Christinaport
88907.83,5.94,5.99,4.36,34166.94,4410472.64,New Michelleville
74391.99,6.27,7.88,3.6,42538.06,4308864.57,New Michelleville
75358.31,7.41,8.26,4.45,42557.83,4681556.47,New Michelleville
68216.58,7.72,6.75,3.6,44959.2,4305546.22,Lake Kathleen
35948.84,5.37,8.18,4.02,36942.88,3518048.2,Lake Christinaport
93396.13,4.57,7.16,5.55,38374.31,4356807.82,South Anthony
50424.25,6.66,8.11,4.25,20620.72,3731385.13,Port Adamtown
66869.36,5.68,5.06,3.84,31684.05,3833788.32,North Jasonville
61370.2,6.3,6.68,3.45,42180.8,3986606.21,Jenniferstad
75953.23,7.37,6.16,3.16,32455.81,4366485.35,Lake Christinaport
59866.4,6.35,8.02,3.3,28786.43,3974061.72,Lake Kathleen
62217.89,6.08,8.82,4.3,43938.43,4313818.72,Lake Christinaport
67544.75,7.47,5.79,3.06,60519.43,4439178.03,New Deniseton
78200.3,6.18,8.55,4.35,45924.68,4455605.43,North Jasonville
65357.31,4.38,7.12,4.46,34387.37,3829941.42,South Anthony
63375.45,5.65,5.5,4.22,43945.95,3910640.92,New Deniseton
49900.53,6.67,7.4,5.72,39505.68,4017066.44,East Lucas
50171.07,5.69,8.94,3.34,46454.96,4163609.02,East Lucas
53228.97,3.82,5.89,3.6,34955.23,3368699.01,South Anthony
63845.82,4.87,8.36,3.52,34130.1,3737384.97,Rebeccaville
75205.0,4.78,5.7,4.17,20878.12,3710780.91,South Anthony
58940.88,7.92,7.76,5.6,28779.85,4169076.09,South Anthony
79397.97,6.76,6.06,3.95,41708.32,4228545.54,Jenniferstad
81518.96,7.28,7.34,4.8,26862.3,4654192.95,Lake Kathleen
66369.31,3.61,6.65,7.0,43991.82,3747492.29,New Michelleville
80473.4,5.17,6.68,4.51,33356.18,4071955.55,North Jasonville
62643.0,7.34,5.6,2.9,25399.75,3677021.07,North Jasonville
44217.76,5.47,6.46,4.07,35967.34,3537533.1,East Lucas
83561.6,5.74,5.31,4.33,26209.79,3941973.83,Lake Kathleen
59816.62,6.81,8.6,3.95,36529.08,4146761.36,New Michelleville
84784.74,5.17,7.2,4.49,38794.82,4206783.67,East Lucas
58982.29,5.67,6.05,3.97,51282.85,3931743.21,Port Adamtown
44608.43,5.49,7.96,5.15,28281.75,3324044.49,Port Adamtown
70739.29,7.48,6.36,2.9,36787.73,4423891.5,Lake Christinaport
48535.75,6.68,3.93,4.23,47488.37,3487836.15,South Anthony
76524.61,7.16,5.12,2.59,36498.47,4266253.99,Lake Kathleen
54652.1,5.55,7.02,4.88,39670.41,3780721.12,East Lucas
65755.18,6.66,8.58,2.8,38497.58,4299101.55,Jenniferstad
83891.8,4.89,6.75,4.14,26847.75,4108329.33,New Michelleville
61137.83,5.44,6.98,4.18,29380.9,3753379.9,Rebeccaville
77413.3,5.73,7.51,6.18,44472.47,4513428.56,South Anthony
78964.53,6.66,5.48,5.06,38028.49,4364294.27,Jenniferstad
60937.13,5.83,7.11,2.0,41557.01,3893169.19,North Jasonville
69637.12,6.0,7.74,2.7,44817.04,4263582.44,Lake Christinaport
80482.31,6.64,6.77,5.97,31718.98,4359156.95,East Lucas
68084.76,5.53,7.31,2.76,22193.2,3619697.99,Lake Kathleen
79698.57,8.23,7.23,2.98,29963.34,4552463.08,New Michelleville
82917.09,5.85,6.99,3.68,39223.61,4523955.4,Jenniferstad
79161.46,4.6,6.5,5.22,33763.13,4109861.04,New Deniseton
77939.54,6.05,7.16,2.51,40699.57,4340989.36,New Michelleville
81080.83,5.76,5.19,4.57,40835.38,4028102.92,East Lucas
60924.34,8.11,6.97,3.18,38178.2,4265617.96,South Anthony
69710.47,5.37,8.81,3.0,33908.24,4059008.19,Lake Kathleen
58737.74,6.77,9.06,2.86,38093.44,4202895.9,Jenniferstad
65205.1,3.81,8.08,4.16,38731.63,3681215.59,Rebeccaville
64060.12,6.6,6.75,3.33,28892.82,3950361.69,Rebeccaville
76526.43,6.94,7.97,5.0,28374.61,4363382.44,New Deniseton
65117.9,5.53,8.3,2.75,34704.68,4028018.38,East Lucas
78543.51,8.09,7.07,2.97,66484.49,5157484.71,South Anthony
39600.05,5.87,5.28,2.96,46000.89,3301283.8,Port Adamtown
86431.22,6.39,8.22,3.57,38383.73,4536885.22,New Michelleville
62165.05,4.93,7.99,4.32,35283.75,3855188.64,Lake Christinaport
46792.85,4.99,8.31,2.65,39810.87,3583895.02,South Anthony
75129.24,6.36,6.79,7.0,34852.49,4362322.38,Jenniferstad
77201.76,3.92,6.57,4.93,30478.25,3790455.76,Lake Christinaport
74916.5,6.33,5.41,2.0,61227.55,4433743.38,Port Adamtown
89489.88,6.29,5.63,4.8,13657.47,3977651.84,South Anthony
66917.66,7.0,5.56,4.87,33936.52,4009043.51,North Jasonville
67596.74,6.19,8.59,3.93,27669.11,3913488.46,New Michelleville
69770.96,6.03,5.65,5.61,40460.39,4107425.34,East Lucas
57162.0,4.06,7.38,4.03,34971.38,3617783.37,South Anthony
58097.54,5.43,7.5,2.8,38259.44,3679806.91,North Jasonville
81762.13,4.47,6.56,3.7,52598.97,4288631.49,Lake Christinaport
72500.45,5.66,8.55,6.68,37738.89,4417510.36,Lake Christinaport
62175.66,6.25,7.87,4.01,20291.68,3837092.67,South Anthony
70101.21,6.09,5.87,5.56,43735.21,4105913.38,Jenniferstad
79529.0,7.92,7.5,3.74,43941.19,4678052.29,Rebeccaville
62668.23,5.06,6.47,5.1,41609.14,3836045.78,Rebeccaville
67572.3,6.16,6.83,5.7,35986.08,4146139.25,North Jasonville
78018.21,5.33,5.29,2.97,38566.91,3949326.87,South Anthony
79844.19,6.09,6.86,3.94,40212.76,4432151.05,South Anthony
42462.74,5.55,8.21,2.6,35345.1,3617854.23,North Jasonville
56832.64,6.77,8.23,2.13,17592.94,3866708.31,East Lucas
80754.24,7.53,5.41,4.49,36932.95,4296082.77,South Anthony
57662.64,4.37,7.1,4.74,37880.44,3654732.11,Jenniferstad
68561.03,5.8,6.68,3.95,38956.3,4125627.81,Jenniferstad
86537.9,6.6,8.34,3.69,32018.47,4738540.83,Lake Kathleen
74490.88,2.55,6.08,2.26,31123.89,3378833.31,New Michelleville
71320.8,3.63,7.21,4.02,45672.27,3947155.34,Port Adamtown
71231.78,6.91,6.69,3.92,32708.1,4130323.07,New Michelleville
68567.18,6.65,4.24,5.18,36290.97,3929552.59,Lake Kathleen
71612.79,5.01,8.19,3.14,50150.8,4093676.57,Port Adamtown
81308.0,6.12,6.52,3.29,47982.76,4477544.52,Lake Kathleen
54235.82,3.81,8.43,4.62,38452.49,3596499.22,Rebeccaville
67244.99,6.52,6.35,2.23,37014.16,4054476.01,New Deniseton
70893.82,7.45,6.15,4.05,43046.67,4361676.63,South Anthony
73879.4,6.54,7.19,3.25,63859.32,4723659.82,New Deniseton
70514.13,6.55,7.05,4.62,25086.62,3977049.46,East Lucas
63599.46,6.16,5.01,3.7,20570.45,3408892.9,Lake Christinaport
85086.09,6.01,8.11,2.7,25891.96,4143585.0,Jenniferstad
77841.6,5.69,5.25,3.36,36848.83,3931988.52,Rebeccaville
70990.04,6.9,5.61,2.0,51663.16,4544389.49,Lake Christinaport
73019.1,7.52,6.02,3.35,33240.67,4058103.54,New Deniseton
89301.29,6.18,7.17,2.0,34921.68,4459201.18,Rebeccaville
70838.89,5.32,5.8,5.38,33033.47,3778653.83,Port Adamtown
73410.69,6.5,8.67,4.22,13993.93,4053347.72,East Lucas
58553.85,4.74,5.68,2.16,49344.21,3631818.63,New Deniseton
76676.72,8.77,7.9,4.55,39098.47,4738889.99,New Michelleville
68751.87,6.58,7.96,3.88,40265.82,4264253.67,Rebeccaville
55861.07,7.51,6.81,3.19,27483.61,3745763.22,Rebeccaville
93652.28,7.07,7.17,2.84,18444.78,4548355.3,Port Adamtown
66832.82,5.35,8.43,4.28,38719.58,3890799.76,Lake Kathleen
77429.93,7.17,6.97,4.56,35345.22,4304599.92,Rebeccaville
59239.44,6.32,7.97,3.44,30566.08,3756900.38,South Anthony
87130.39,4.95,7.25,3.83,32591.93,4397216.83,East Lucas
75895.79,7.2,4.98,4.32,27406.04,4236619.09,New Michelleville
55493.44,6.71,5.88,2.52,26750.94,3673515.09,East Lucas
61195.75,8.06,7.89,3.44,56917.84,4613564.75,East Lucas
51986.17,6.76,6.35,2.47,6131.3,3230425.89,Lake Christinaport
63105.07,5.9,5.73,5.3,26531.75,3569537.46,New Michelleville
92340.02,7.71,6.45,4.11,36615.52,4701568.44,New Deniseton
42609.13,6.91,6.91,4.36,31379.74,3606562.58,Port Adamtown
45124.56,5.24,8.07,4.06,43668.22,3743336.45,Rebeccaville
58813.94,7.11,7.18,2.0,25458.94,3900989.08,North Jasonville
64575.8,6.0,7.34,4.42,28738.73,3920674.74,East Lucas
68997.63,5.67,7.3,2.0,28625.36,3906376.64,Rebeccaville
54845.14,6.95,7.45,2.0,30362.57,3975986.37,South Anthony
75699.65,5.27,7.25,4.09,24308.85,3906815.86,East Lucas
67954.78,6.33,7.16,5.26,38312.64,4157128.17,East Lucas
53142.16,6.34,5.48,6.09,41995.82,3729729.58,East Lucas
73291.34,6.07,6.56,5.1,25988.43,3953358.11,New Michelleville
70634.62,6.09,7.55,3.65,48295.45,4266243.21,Jenniferstad
67631.0,6.2,8.37,5.22,27815.32,4182399.8,Port Adamtown
51603.17,6.82,6.37,5.64,23677.93,3574082.78,East Lucas
69369.45,6.77,7.38,4.81,47061.9,4329856.24,Port Adamtown
58085.23,6.04,6.18,2.0,29993.32,3504030.4,Rebeccaville
54226.8,6.31,5.31,5.55,40849.22,3664744.68,Lake Christinaport
67204.63,5.1,7.12,2.0,31084.64,3828793.61,New Michelleville
64540.67,7.84,6.3,3.6,48195.11,4432002.41,North Jasonville
78655.61,6.84,6.38,6.67,49445.67,4462749.58,North Jasonville
66822.64,5.75,8.23,4.53,35259.96,4195007.74,Rebeccaville
100683.27,5.98,5.21,3.71,34293.69,4611299.14,South Anthony
96971.2,5.88,6.89,5.83,19024.63,4437392.05,Rebeccaville
58907.44,6.61,6.44,4.44,28547.89,3953180.4,Port Adamtown
56586.76,5.42,6.94,4.55,25407.66,3668486.4,South Anthony
75701.43,4.28,7.31,4.6,14161.71,3688991.01,Rebeccaville
64399.72,5.26,6.51,4.21,33899.17,3735974.53,East Lucas
75130.67,4.9,6.7,5.87,14823.47,3817862.3,Rebeccaville
52731.45,5.46,5.54,4.26,27445.46,3393260.59,Rebeccaville
75978.87,7.18,5.32,2.64,34870.55,4191410.21,New Michelleville
74849.14,5.55,6.22,2.61,40382.21,4261550.66,Port Adamtown
66743.68,6.0,6.36,2.82,39186.81,3942700.58,Port Adamtown
74610.16,5.44,8.79,4.36,31721.27,4273744.25,Rebeccaville
57544.42,7.29,8.39,4.38,44008.89,4363379.45,New Michelleville
65013.56,6.94,7.46,3.28,29908.47,4205848.8,New Michelleville
60449.21,6.26,6.92,4.27,47594.76,4116311.51,North Jasonville
77488.49,5.49,6.58,5.02,31983.38,4114425.83,Rebeccaville
55968.27,5.97,6.58,4.17,37996.73,3891695.58,New Michelleville
53304.59,4.82,6.73,2.79,21870.9,3255422.52,New Michelleville
62229.59,8.7,7.33,3.98,37031.54,4422817.31,New Deniseton
87050.2,6.12,7.06,6.52,36085.31,4358812.6,East Lucas
62402.92,5.61,6.1,4.2,21855.87,3531796.22,South Anthony
65122.68,5.37,6.07,3.58,43610.33,3778976.31,South Anthony
58363.27,6.36,6.79,3.7,24817.03,3794871.66,Rebeccaville
77891.75,6.58,8.12,2.61,31338.45,4284314.85,Port Adamtown
62454.22,5.48,8.78,2.12,17418.18,3711651.25,Lake Christinaport
58522.09,7.24,6.66,4.0,25013.04,3724929.79,North Jasonville
73300.42,5.64,7.71,5.84,31532.08,4213218.96,South Anthony
64690.69,4.54,7.0,2.37,24899.82,3504828.92,Rebeccaville
59104.18,4.3,8.55,6.55,31984.59,3632037.66,Jenniferstad
71046.23,6.19,8.27,5.19,44928.93,4438796.25,North Jasonville
74458.61,6.0,5.87,2.76,41082.3,4084082.34,East Lucas
77216.36,4.73,8.09,3.96,25411.06,4098057.51,New Michelleville
69622.67,7.41,7.51,2.82,41550.35,4590318.84,Rebeccaville
78057.23,4.75,7.98,5.08,46923.15,4361604.16,New Deniseton
61685.87,5.94,7.56,4.35,35028.31,4133926.98,South Anthony
72833.54,5.0,8.61,3.19,42016.01,4336261.75,East Lucas
55278.95,7.85,7.96,4.06,26289.25,3901303.96,Port Adamtown
50818.3,8.04,6.87,4.99,24800.58,3786282.88,North Jasonville
63745.8,7.29,6.3,4.78,35032.81,4206778.03,Jenniferstad
73636.93,4.77,5.47,5.59,27958.01,3586912.66,New Deniseton
69323.57,6.47,8.14,3.2,54990.01,4397848.6,Lake Christinaport
62108.08,6.58,7.96,2.71,32397.96,4077843.88,Lake Christinaport
48602.63,6.42,5.36,3.57,34965.63,3386385.3,South Anthony
61312.92,5.22,7.98,5.26,27289.3,3620687.85,Lake Kathleen
81321.19,7.89,7.36,4.23,50048.86,4851817.32,New Deniseton
77468.61,6.56,5.61,2.61,27259.03,3779978.96,New Deniseton
68310.77,6.0,6.6,2.76,35228.91,4135068.76,North Jasonville
70635.47,4.69,7.63,3.52,25718.63,3836498.03,South Anthony
61710.54,6.28,7.25,3.86,48430.2,4215300.45,New Deniseton
74272.17,7.63,6.38,2.11,23833.92,4274755.02,New Deniseton
72542.41,7.19,6.64,5.18,23911.9,4047714.97,East Lucas
52599.77,4.42,7.91,3.77,33836.33,3512173.41,South Anthony
60102.69,4.62,6.08,5.31,48572.0,3700232.08,Lake Kathleen
87670.89,6.46,6.08,2.0,60160.73,4780156.31,Lake Kathleen
71448.8,5.01,9.22,5.31,31670.32,4298496.73,North Jasonville
79976.73,5.27,6.01,4.03,37043.88,4021231.8,North Jasonville
72004.45,5.58,8.66,4.18,35078.0,4290701.36,Jenniferstad
58064.55,5.59,6.08,5.12,42037.73,3719994.76,South Anthony
75393.92,4.91,5.04,4.42,29091.6,3685593.53,East Lucas
75071.35,5.08,5.85,6.02,41950.83,3945194.71,Port Adamtown
79652.75,4.55,6.59,4.42,26579.56,3958456.17,South Anthony
77763.66,6.51,5.91,2.21,45940.0,4348901.66,Rebeccaville
57835.69,5.34,7.96,5.73,28780.03,3710249.16,New Michelleville
74803.55,5.45,5.69,6.82,36224.82,4098326.24,Lake Kathleen
84818.66,7.65,5.0,5.69,58076.45,4714944.82,Rebeccaville
52446.44,8.11,6.4,2.78,43700.53,4109154.9,New Deniseton
69800.64,4.61,5.8,2.0,34245.21,3633607.36,New Michelleville
69010.52,4.83,9.13,3.66,20073.96,4093636.12,Lake Kathleen
57487.27,5.63,8.59,5.34,36194.67,4017926.89,Port Adamtown
63510.53,6.57,8.06,3.15,53305.83,4337232.24,North Jasonville
73468.91,5.18,7.71,3.78,29740.4,4050062.1,Port Adamtown
88982.61,6.39,7.83,3.38,50396.1,5035306.3,New Deniseton
67350.7,6.2,6.0,4.52,43847.34,4145097.95,East Lucas
69525.07,4.2,6.8,4.83,43007.17,3945136.55,South Anthony
63219.57,5.9,6.83,4.48,51009.01,4044391.52,North Jasonville
46272.88,5.31,9.52,4.2,28985.35,3750356.72,Rebeccaville
66669.77,6.13,9.02,6.21,33703.79,4241261.85,South Anthony
59338.38,5.16,4.66,4.03,53426.87,3861213.12,New Deniseton
79304.16,6.19,7.34,3.89,21195.31,3952525.14,Port Adamtown
50899.74,4.96,7.58,2.22,33864.43,3342397.27,South Anthony
56982.98,5.82,8.17,3.31,29725.94,3782810.59,North Jasonville
74609.91,4.23,8.35,4.2,38091.49,3983830.55,Lake Christinaport
66397.01,8.0,7.64,3.33,45954.08,4529368.28,Port Adamtown
71366.48,5.95,7.23,2.8,55861.05,4636119.72,Lake Christinaport
75251.14,5.7,5.72,3.08,30353.95,4146032.32,Jenniferstad
61036.21,6.93,8.36,4.84,34894.48,4201403.29,Jenniferstad
72471.48,5.36,6.88,3.72,44417.94,4204425.27,South Anthony
66325.32,3.55,6.79,3.05,23363.53,3427752.85,Lake Christinaport
61772.0,6.72,7.07,3.83,39657.18,4062395.65,Jenniferstad
66425.21,5.91,5.96,5.58,24981.03,3862372.76,Lake Christinaport
81696.23,6.54,7.32,2.88,29411.35,4376697.44,Port Adamtown
54113.79,4.01,7.72,2.0,49692.41,3772950.77,North Jasonville
104361.26,5.3,6.45,4.67,48677.52,4918419.97,East Lucas
83935.34,4.91,7.36,4.59,36909.93,4425839.77,Rebeccaville
62306.48,4.06,6.09,5.6,43622.0,3587821.51,New Michelleville
66889.06,5.44,8.21,3.72,31387.55,3924120.11,Lake Christinaport
64896.28,6.57,7.9,5.55,41324.29,4414422.57,Lake Kathleen
70745.25,6.46,6.5,4.68,31413.14,4142988.18,South Anthony
70012.75,5.2,5.96,5.44,15521.59,3320355.12,South Anthony
82743.99,5.55,6.13,3.44,35062.81,4463054.19,New Michelleville
84883.26,4.86,6.34,2.0,27727.41,4110799.0,North Jasonville
80365.21,4.4,8.87,3.74,37789.35,4337837.45,North Jasonville
66735.11,7.46,5.87,6.08,33279.1,4008040.57,New Deniseton
70390.63,7.32,6.0,5.45,24794.35,4026225.28,North Jasonville
61293.86,6.41,6.12,3.64,39902.08,3842205.68,Lake Christinaport
62026.8,5.64,6.86,3.29,39491.97,3866311.88,New Deniseton
84377.07,2.87,7.22,5.39,35589.42,3838494.35,Port Adamtown
74905.47,6.64,8.57,3.9,49002.98,4548806.7,Lake Kathleen
58676.73,6.82,5.81,2.29,39703.8,3761291.61,Lake Kathleen
80266.14,5.64,7.61,5.3,30342.09,4198889.73,Jenniferstad
70488.46,6.39,7.22,5.02,35052.13,4398582.37,Lake Christinaport
83207.83,6.35,6.18,5.24,33424.52,4274094.69,South Anthony
62855.43,5.0,6.13,3.93,45746.9,3879284.28,Jenniferstad
63348.83,5.63,8.31,4.16,30077.23,3860553.99,New Deniseton
72873.84,5.55,6.71,3.41,37712.85,4139754.38,Port Adamtown
73309.15,5.57,4.87,7.0,26156.0,3850355.93,Jenniferstad
66029.61,4.78,7.44,4.44,24368.1,3951392.56,New Michelleville
49821.18,5.75,8.54,5.68,31627.33,3637116.97,Rebeccaville
77902.83,5.03,7.38,4.21,42353.91,4194754.14,Jenniferstad
63504.21,4.79,7.33,2.49,23937.42,3572877.24,Port Adamtown
97047.93,4.95,6.6,3.3,29207.26,4389242.34,South Anthony
55776.59,4.4,6.32,2.64,38840.87,3644765.45,Lake Christinaport
73840.93,5.5,7.88,3.06,40353.25,4425762.55,New Deniseton
66924.53,6.43,7.48,4.01,29748.23,3853967.06,New Deniseton
75729.33,5.59,6.55,2.0,23467.02,3958815.59,Lake Kathleen
63510.28,5.87,7.52,2.59,25446.88,3684466.77,Lake Christinaport
79255.99,5.24,5.89,2.0,43445.22,4255155.17,Jenniferstad
71656.89,5.71,8.27,2.19,31154.68,4229451.74,Lake Christinaport
55004.63,6.04,7.68,3.4,34021.34,4039398.35,South Anthony
59567.97,5.63,5.96,3.93,26485.94,3569097.8,Lake Kathleen
60637.27,5.42,10.03,4.38,39110.88,4084633.16,North Jasonville
73375.84,5.13,6.96,6.95,47953.99,4045701.49,Rebeccaville
73074.8,5.86,6.68,5.82,42713.92,4362501.03,New Deniseton
75384.88,4.52,6.76,4.34,36799.0,3952801.83,Rebeccaville
60295.35,6.0,7.42,2.0,35440.01,3805614.93,Lake Kathleen
64642.67,7.68,5.89,5.64,28260.49,3888544.82,Jenniferstad
66025.38,6.57,8.15,3.38,18599.66,3981906.08,Lake Kathleen
65371.91,5.39,6.83,3.94,40156.25,3981272.62,Jenniferstad
71116.38,6.48,6.4,3.66,28529.13,3932252.7,Rebeccaville
82110.51,5.33,6.52,4.8,26676.25,4015294.71,Port Adamtown
72480.15,5.67,8.26,3.94,39239.23,4315680.83,Port Adamtown
85130.69,7.45,7.5,2.1,28136.98,4414636.89,Jenniferstad
71378.06,4.39,5.21,5.33,26975.03,3374618.21,Port Adamtown
54114.63,6.36,7.67,5.17,35722.91,3770792.36,South Anthony
76254.15,4.8,6.36,5.28,22461.47,3784396.63,New Deniseton
63408.21,3.51,8.06,5.03,40954.39,3865749.03,North Jasonville
51534.96,5.37,5.19,2.21,44346.57,3459758.98,North Jasonville
79135.7,7.27,8.04,2.49,29518.28,4583539.22,Lake Christinaport
68295.01,5.88,6.87,2.0,47404.96,4202212.11,Port Adamtown
49263.97,5.98,8.38,2.36,42431.25,3963962.71,Lake Kathleen
55261.23,6.7,6.88,3.57,52445.53,4323130.19,Lake Christinaport
73099.66,5.43,5.99,2.5,37988.07,3942198.05,East Lucas
58430.59,4.98,4.88,3.74,29512.73,3076979.65,Lake Kathleen
76124.43,5.24,6.98,2.45,16657.16,3717461.72,New Michelleville
76919.25,3.83,7.16,4.56,26050.88,3716728.71,South Anthony
66712.15,5.54,6.72,2.0,53941.82,4182500.62,East Lucas
73687.44,5.79,9.32,4.24,45977.04,4481252.94,New Deniseton
69065.67,5.77,7.48,3.69,54764.67,4216940.82,Jenniferstad
70963.81,6.92,3.93,2.86,32920.71,3927552.69,Jenniferstad
95313.02,7.43,7.52,5.45,49046.12,5027799.11,Jenniferstad
63348.12,5.74,8.08,4.97,25837.24,4064124.8,Rebeccaville
74438.36,5.7,6.26,2.74,30914.78,4155018.5,Lake Christinaport
79137.47,5.25,8.08,5.26,23803.88,4088656.99,East Lucas
84806.56,5.75,7.37,4.26,49901.56,4631647.42,New Michelleville
71494.24,4.89,8.8,3.52,31492.65,3966573.82,New Deniseton
78071.12,6.58,5.95,4.05,47407.48,4489698.46,Lake Christinaport
76106.86,4.68,7.63,3.45,38707.67,4073328.3,North Jasonville
66713.32,6.29,7.44,2.0,28278.03,3973885.4,Lake Kathleen
71706.07,7.2,7.92,2.14,43006.05,4726284.95,New Deniseton
70083.99,6.23,8.14,4.88,26161.22,4086236.81,Port Adamtown
66866.12,7.47,8.46,4.28,28673.96,4496366.73,Lake Kathleen
69556.76,4.66,8.59,4.89,31920.76,4050591.8,Rebeccaville
44146.52,5.03,7.75,4.44,43971.11,3590793.43,Lake Kathleen
85272.28,5.54,6.83,4.02,29526.47,4213121.36,East Lucas
67654.11,5.51,6.08,4.08,51867.37,4155157.75,New Deniseton
65083.7,6.22,6.31,3.18,31898.57,4204888.2,Jenniferstad
74321.5,4.53,5.8,5.59,44771.3,3885317.03,Lake Christinaport
62669.41,5.88,7.41,2.63,33550.43,3872756.76,North Jasonville
76598.86,7.02,6.02,4.52,23854.84,3986262.79,South Anthony
62016.2,6.59,6.79,3.8,34122.72,3829855.19,Lake Kathleen
81394.05,6.69,7.44,4.25,29256.45,4144391.16,Port Adamtown
81232.15,5.19,5.77,3.74,27260.55,3921927.92,Jenniferstad
68860.02,5.64,7.6,3.06,39730.4,4182114.56,New Deniseton
66895.65,6.25,6.85,5.04,42701.44,4150439.18,Port Adamtown
60658.89,4.74,8.03,2.82,35810.23,3906610.34,Rebeccaville
60837.01,5.2,7.45,2.0,36704.39,3826171.96,Lake Christinaport
70468.23,5.61,4.92,3.23,19130.98,3586062.45,East Lucas
47231.96,5.36,6.72,5.26,34436.5,3320975.7,Rebeccaville
75560.25,6.48,7.33,4.77,45989.96,4411741.28,Rebeccaville
80377.81,4.89,7.95,4.15,46953.99,4450397.0,New Michelleville
70363.46,5.11,7.15,4.31,43111.89,4140478.79,North Jasonville
71626.46,7.77,6.74,4.82,27452.84,4186642.1,Rebeccaville
66014.23,6.07,7.32,3.61,41747.67,4067794.29,South Anthony
49401.96,5.61,8.1,4.66,29159.95,3529653.82,Port Adamtown
80595.71,5.74,6.0,3.08,43662.64,4157911.81,Lake Christinaport
59706.7,5.87,8.25,2.38,31137.69,3971289.73,Port Adamtown
55331.76,5.82,7.38,2.0,26878.9,3637971.09,Jenniferstad
76791.05,6.92,7.18,2.0,32796.88,4247190.03,South Anthony
61545.42,6.67,5.47,3.72,34396.16,3837279.03,New Michelleville
63462.17,6.77,6.12,4.31,37148.41,3903984.26,South Anthony
68641.12,6.72,8.32,4.52,34105.16,4399569.9,Rebeccaville
67975.22,4.58,7.94,3.41,39431.67,3894957.12,Port Adamtown
70126.13,7.02,7.6,4.66,54013.6,4407299.33,Lake Christinaport
76667.86,4.91,5.65,5.51,27741.01,3538823.23,Lake Christinaport
75287.68,6.12,6.96,3.76,25573.47,3898589.77,East Lucas
60041.6,6.09,5.89,5.37,40864.9,3901326.9,Rebeccaville
59338.43,7.68,8.07,3.88,39154.74,4325598.65,New Michelleville
58828.76,5.78,8.67,3.97,20007.5,3660423.49,South Anthony
48266.47,4.47,9.12,5.12,21741.09,3305323.9,Rebeccaville
63188.31,5.5,7.89,3.62,46628.99,3936679.21,Port Adamtown
54913.23,7.74,7.02,2.83,41861.85,4029926.61,North Jasonville
69947.0,6.3,7.0,4.94,37397.89,4359991.39,South Anthony
64573.09,5.85,8.82,3.15,32869.05,4182840.85,New Michelleville
80306.2,5.65,7.07,3.3,30414.6,4274284.4,North Jasonville
66058.26,5.06,5.97,5.62,37855.27,3840542.77,New Deniseton
69349.32,5.59,8.28,4.74,53077.98,4397156.78,Jenniferstad
64996.04,5.58,6.96,2.46,29493.83,3791893.7,Lake Kathleen
51867.88,4.63,7.33,3.85,38762.52,3504181.45,Jenniferstad
59243.32,4.5,7.03,4.37,42216.48,3647240.75,New Michelleville
58012.82,8.18,7.51,2.74,40661.4,4487177.54,Lake Kathleen
66299.98,5.92,8.47,6.55,35436.17,4149879.48,New Deniseton
65845.86,4.51,7.29,3.89,35767.26,3742032.73,Jenniferstad
78040.15,6.47,7.64,4.13,37923.73,4460153.04,Jenniferstad
61250.45,6.22,6.68,5.0,31965.12,3749003.9,Port Adamtown
59758.18,6.92,5.24,2.7,30147.81,3763350.8,North Jasonville
71541.83,5.88,6.79,3.55,45935.83,4093520.86,Rebeccaville
52281.9,6.02,7.38,5.28,26250.79,3733644.21,New Michelleville
89359.66,6.47,6.82,6.64,23534.39,4334278.07,North Jasonville
85230.18,6.95,5.7,5.1,34970.86,4334883.71,South Anthony
79014.87,4.75,8.29,2.24,44782.2,4185677.88,North Jasonville
56339.7,5.66,5.66,3.51,27946.56,3358595.64,Lake Kathleen
73524.73,5.65,6.45,2.27,38511.2,4193732.75,North Jasonville
69214.09,5.7,7.13,4.5,37381.48,3968746.1,Lake Christinaport
52218.93,6.07,6.35,5.06,23941.85,3364307.11,East Lucas
75747.82,6.11,8.03,4.4,34952.46,4357649.53,East Lucas
61474.84,6.86,5.64,5.56,58864.58,4270208.9,New Deniseton
60146.32,5.04,6.32,6.32,33416.23,3665902.39,Port Adamtown
66382.77,4.99,6.29,4.24,26471.82,3688186.06,North Jasonville
77737.6,8.09,6.14,5.3,42006.05,4689456.28,Jenniferstad
72098.78,7.74,7.39,2.0,42840.93,4619999.72,North Jasonville
79851.47,6.54,7.59,3.91,42144.86,4580203.68,Lake Kathleen
46054.79,6.5,6.31,3.14,55670.62,3813530.64,Port Adamtown
63352.09,5.33,6.45,3.76,22316.94,3592370.77,Lake Kathleen
67041.94,6.57,6.35,4.71,29763.3,3966437.22,New Deniseton
60752.82,7.07,7.16,4.62,32420.76,4065719.26,Port Adamtown
63878.9,3.87,7.43,2.36,56443.13,4109282.68,New Deniseton
55946.02,6.7,6.78,4.63,35653.72,3735029.55,New Michelleville
82238.89,6.4,9.58,5.41,45400.83,5015900.48,New Michelleville
76126.66,5.44,7.5,4.03,21202.71,4062990.29,Rebeccaville
75665.86,5.43,7.71,2.0,37868.74,4089647.23,Rebeccaville
57939.92,5.9,7.88,5.66,13159.59,3521876.3,East Lucas
67940.39,5.49,7.37,2.2,36951.12,3832182.94,North Jasonville
67615.52,5.43,7.17,3.15,40683.99,4080828.06,Lake Christinaport
54553.51,5.41,8.23,4.61,60468.18,4165745.56,Lake Kathleen
66140.95,6.23,7.93,3.9,31992.69,4175662.61,North Jasonville
60047.73,5.47,8.14,3.57,38438.34,3944111.19,Port Adamtown
57979.96,7.39,6.83,3.2,25991.79,4183373.43,Port Adamtown
59314.21,4.6,7.42,4.4,23950.44,3360824.86,East Lucas
62534.76,7.12,7.53,3.16,21417.19,3878251.22,New Michelleville
74403.18,5.69,6.06,4.65,25560.42,4021250.06,South Anthony
82736.72,4.99,5.32,3.33,33507.32,4006208.43,Lake Kathleen
72197.53,5.0,8.55,4.38,47814.27,4299002.11,New Michelleville
101134.47,5.73,6.81,2.83,39343.12,4900806.64,Port Adamtown
54763.06,6.92,8.77,5.13,37852.3,3917981.64,East Lucas
58829.13,6.98,7.72,4.21,35165.83,4179675.15,Lake Christinaport
73045.23,6.74,6.22,3.59,26377.17,4133416.17,South Anthony
83505.32,6.22,5.42,2.0,33321.92,4037502.26,New Michelleville
50410.93,5.53,6.23,4.38,32750.26,3448287.9,Port Adamtown
75184.71,4.9,7.07,2.0,54672.93,4160238.74,Lake Christinaport
59130.73,5.68,7.47,3.71,38144.33,3885652.41,Rebeccaville
65871.44,5.38,7.13,4.02,37122.37,4110271.18,New Deniseton
62432.83,7.26,7.74,3.9,56272.76,4639755.92,Rebeccaville
63275.22,4.55,7.57,4.11,37365.48,3557428.27,North Jasonville
57499.21,3.26,7.91,5.08,36754.38,3546214.08,East Lucas
93663.34,5.73,7.73,3.0,21391.89,4412245.57,Jenniferstad
69551.51,6.68,7.44,4.16,37467.07,4122218.94,Lake Christinaport
62929.79,6.48,5.93,2.44,45871.75,4101806.14,North Jasonville
35647.85,5.19,9.23,2.0,36341.53,3512501.38,New Michelleville
77579.45,5.94,7.51,6.81,29065.77,4393613.78,Jenniferstad
71893.83,6.09,7.04,4.05,43472.33,4209816.63,East Lucas
49302.97,8.12,7.52,5.41,39415.17,4135207.46,South Anthony
63047.34,6.51,5.25,2.72,31510.42,3752464.87,Lake Kathleen
66735.59,4.64,7.28,4.77,28287.76,3712587.35,Jenniferstad
75205.42,7.71,4.28,2.63,15748.93,3764497.42,Lake Christinaport
44565.17,5.29,7.13,4.29,36513.56,3475986.03,New Deniseton
66000.13,4.83,7.88,2.0,40261.04,4156373.07,Rebeccaville
69529.26,6.36,7.96,4.67,43409.58,4498793.8,New Michelleville
49110.09,4.65,5.11,2.7,44508.02,3277805.98,North Jasonville
72522.25,6.66,7.57,5.25,43828.58,4455252.81,Rebeccaville
67854.78,6.64,8.6,3.48,25448.29,4063112.32,East Lucas
52224.24,6.58,6.17,2.26,31858.76,3432807.26,Jenniferstad
64819.58,7.53,7.45,5.74,35606.72,4118924.25,New Michelleville
64199.45,5.6,6.25,3.23,53546.14,4079448.38,New Deniseton
66268.83,5.9,6.6,5.2,34235.5,4002335.08,South Anthony
62017.22,6.4,6.78,4.76,42711.73,3960775.03,Port Adamtown
75070.81,5.92,5.71,2.18,38913.44,3964409.55,Lake Kathleen
45098.66,5.67,7.37,3.0,35871.79,3563688.28,North Jasonville
63575.2,5.75,7.16,4.46,31927.38,3774484.71,Jenniferstad
75615.1,5.84,8.36,4.94,37156.48,4362925.96,East Lucas
73677.61,7.8,7.72,4.41,37839.63,4484167.03,Lake Kathleen
67535.35,5.72,7.48,6.18,39526.85,4230636.99,Jenniferstad
62440.45,6.79,6.42,2.4,14849.94,3803406.64,Rebeccaville
65768.26,7.23,5.99,3.73,40662.38,4119266.41,New Deniseton
54774.39,5.46,8.54,2.82,36957.5,3891680.84,New Michelleville
77863.64,5.46,7.37,2.95,24852.85,4141859.67,New Michelleville
72184.49,5.32,6.49,5.34,38714.7,3915530.84,New Michelleville
60472.38,5.24,8.22,4.67,31749.09,3971666.88,New Deniseton
72102.81,6.87,6.39,3.31,50561.89,4382365.82,New Michelleville
48313.55,7.41,8.06,4.42,22263.07,3766997.59,North Jasonville
56398.94,5.7,5.5,3.57,41617.94,3651785.5,North Jasonville
80612.39,6.97,7.57,4.08,42303.62,4588517.65,South Anthony
83038.33,5.41,7.74,2.05,28737.22,4354916.19,New Michelleville
60407.25,6.19,6.26,4.24,41028.12,3990759.02,Rebeccaville
62033.94,5.94,5.38,3.95,29045.88,3557199.24,New Michelleville
60296.58,5.64,8.7,3.79,29929.4,3932071.85,Rebeccaville
64221.01,4.84,7.17,3.66,40446.39,3997696.95,Port Adamtown
66137.07,5.8,7.06,2.82,37041.37,3823165.9,New Deniseton
70975.74,6.56,7.9,5.88,29925.03,4142899.12,Lake Kathleen
79560.72,5.28,8.31,5.35,46057.5,4430240.53,South Anthony
65643.47,4.61,7.49,2.3,38832.89,3966476.11,South Anthony
69787.98,5.18,7.6,5.73,48573.83,4191113.9,Port Adamtown
55370.96,6.19,6.63,3.94,33253.35,3574221.27,South Anthony
48592.11,4.77,6.61,5.64,48160.29,3480159.74,New Michelleville
85770.72,4.53,5.68,4.59,44049.93,4216066.5,Lake Christinaport
76525.16,6.37,7.76,4.24,28333.8,4328604.75,New Deniseton
61618.04,5.67,5.38,5.62,40723.97,3715715.13,Rebeccaville
66483.55,5.28,7.67,4.21,28189.62,3779212.06,Jenniferstad
66029.69,7.49,7.0,4.66,33878.28,4139945.58,North Jasonville
90137.29,3.88,7.42,3.23,24294.86,4147908.38,North Jasonville
60692.07,5.63,7.27,2.81,37681.63,3801496.94,North Jasonville
74939.15,5.14,5.82,3.49,40359.97,3933832.52,New Michelleville
64031.96,7.02,6.78,3.59,41370.56,4230479.13,Port Adamtown
78238.21,5.4,8.96,3.91,40158.35,4318551.44,New Michelleville
90628.56,8.04,8.13,3.78,70000.0,5543349.21,Port Adamtown
74872.82,6.41,8.17,3.36,36682.49,4369650.64,Lake Kathleen
49660.03,6.98,8.25,2.0,13176.9,3464829.37,Jenniferstad
60976.5,5.39,5.97,3.22,32305.03,3703001.19,New Michelleville
73357.39,4.93,6.69,2.0,32156.02,3811943.59,Jenniferstad
78387.74,7.26,6.82,4.87,26137.6,4216603.37,Rebeccaville
65196.59,6.44,7.82,4.63,34351.77,4238725.47,East Lucas
59828.67,6.43,7.78,3.61,34985.32,3940535.19,East Lucas
50805.79,4.89,5.93,5.13,38437.79,3654901.22,Lake Kathleen
51701.81,6.01,6.55,5.6,21956.53,3515876.29,East Lucas
89562.88,6.35,8.03,5.42,27603.84,4541580.93,Lake Christinaport
63358.89,4.3,4.58,3.62,38890.69,3518784.82,New Deniseton
61800.7,5.92,6.82,3.42,47515.39,4094794.08,Rebeccaville
62253.4,7.11,5.27,6.18,35290.31,3924732.47,Jenniferstad
78094.04,6.63,6.74,4.77,47358.13,4565053.91,North Jasonville
57923.26,6.92,6.28,3.21,35883.02,3888157.44,New Deniseton
82174.36,5.73,7.53,3.14,12460.57,3988810.94,New Deniseton
95428.48,4.73,4.74,2.49,52853.22,4369578.47,Rebeccaville
74522.7,6.25,6.88,2.28,38835.53,4167503.05,Jenniferstad
44763.94,6.6,4.67,2.88,33906.0,3421869.56,East Lucas
57242.7,5.29,6.26,4.07,35120.73,3585168.48,East Lucas
70134.38,5.57,6.09,4.35,21597.75,3712750.48,Lake Kathleen
81853.81,5.83,5.41,4.08,27211.65,4070586.22,New Michelleville
62945.4,5.4,6.88,2.0,35385.27,3748660.08,Rebeccaville
72296.93,8.1,7.1,2.0,41393.69,4683541.2,New Michelleville
79262.39,7.25,7.29,3.73,29817.71,4228567.12,Jenniferstad
56455.24,6.33,8.62,3.65,45865.58,4241915.03,East Lucas
65537.04,6.99,7.52,3.19,27475.15,4100374.6,Port Adamtown
68199.92,5.19,8.19,4.09,45141.64,4350727.45,Port Adamtown
47535.27,6.56,6.25,3.66,34766.61,3555375.56,East Lucas
49632.5,4.63,7.42,4.46,30156.42,3468914.76,Jenniferstad
73311.95,4.55,8.6,3.0,37495.84,4142780.09,Jenniferstad
87060.87,7.09,6.87,5.98,35707.35,4522477.98,Lake Christinaport
78490.47,7.46,7.19,3.77,23773.15,4232709.31,Lake Christinaport
63276.72,6.94,6.54,3.91,37983.11,4052145.98,North Jasonville
72987.17,6.52,7.6,2.0,46035.85,4386251.2,Port Adamtown
68945.35,4.55,5.61,3.13,27335.93,3622823.22,New Deniseton
74992.59,6.52,7.23,2.87,23933.18,4225318.98,Rebeccaville
73559.24,5.78,6.97,3.16,49288.3,4369800.33,Port Adamtown
54411.69,4.81,6.55,4.4,39867.45,3468236.69,Lake Christinaport
49244.72,6.27,6.73,4.68,32163.29,3720277.07,New Deniseton
75725.04,5.55,7.6,4.79,32429.72,4210371.62,South Anthony
78784.08,6.32,8.59,2.57,41480.75,4632931.96,South Anthony
63093.24,6.02,4.62,3.32,32879.46,3683760.82,Jenniferstad
66150.65,4.9,6.68,5.33,25566.28,3620878.05,Rebeccaville
74101.85,5.71,7.34,3.26,20491.55,3925481.63,Lake Kathleen
72580.51,5.49,8.36,4.6,34880.49,4166668.77,Lake Christinaport
59667.96,6.0,7.95,4.58,54898.56,4173342.71,Lake Kathleen
72812.96,4.71,6.85,2.0,18900.72,3597306.97,East Lucas
66562.6,6.97,7.48,5.34,45293.54,4306685.65,North Jasonville
58258.37,5.89,4.91,3.42,38583.59,3742432.68,North Jasonville
65384.78,5.94,5.98,3.8,37652.12,3915560.26,Lake Kathleen
70962.62,5.05,5.3,2.46,37896.35,3824975.37,South Anthony
76142.89,6.35,7.57,3.96,47941.72,4453177.57,East Lucas
77789.0,6.37,6.71,3.62,13448.03,4006971.92,Rebeccaville
59440.57,4.9,6.38,2.05,28233.1,3495687.64,South Anthony
67783.35,5.07,7.64,4.23,30964.48,3812979.78,Lake Christinaport
60505.15,8.09,6.59,2.19,44647.01,4417579.58,Port Adamtown
78433.41,5.68,6.09,4.94,29615.58,3898308.19,Lake Christinaport
73620.96,4.27,6.32,4.61,52075.83,4011279.43,Lake Christinaport
69387.36,7.44,6.65,4.07,16783.76,4115966.02,Rebeccaville
56309.52,7.57,7.8,4.35,29423.39,4009237.77,East Lucas
83430.01,5.23,6.77,3.3,37407.08,4065445.76,Rebeccaville
60700.14,5.8,5.82,4.87,30371.25,3557579.83,East Lucas
60101.84,6.75,6.46,3.3,38808.35,3903137.19,Lake Christinaport
69393.78,3.14,6.02,3.42,26662.84,3406946.03,Port Adamtown
75974.47,5.12,7.88,2.0,33029.37,4177446.21,Lake Kathleen
71777.49,6.18,7.07,2.54,42895.72,4216449.78,South Anthony
61067.7,4.95,7.64,2.64,28179.08,3609483.3,New Deniseton
61775.44,5.97,5.83,4.53,28321.89,3756267.0,East Lucas
71167.44,6.75,8.48,3.07,34488.44,4470024.49,New Michelleville
71767.02,7.39,5.81,3.69,17353.43,3848627.15,North Jasonville
67955.66,5.25,7.48,3.25,36454.97,3825174.72,Jenniferstad
60663.0,6.68,7.1,2.87,25392.31,3841560.17,North Jasonville
60838.9,4.32,7.07,3.87,43684.33,3689249.9,New Deniseton
57849.7,8.31,5.45,3.61,47185.46,4178057.57,Lake Kathleen
81303.27,4.94,6.11,3.29,49173.01,4268721.53,North Jasonville
56361.9,5.49,6.03,4.09,26339.57,3488456.51,Port Adamtown
74747.28,5.78,7.55,4.92,25324.87,4085254.01,North Jasonville
64596.69,6.64,6.49,4.17,32276.87,3910438.87,New Michelleville
50991.45,5.11,7.73,3.54,46098.19,3898100.2,Rebeccaville
80383.92,5.45,5.85,3.46,47076.03,4130822.77,Lake Christinaport
59084.4,6.34,5.69,4.42,41063.49,3855394.02,Lake Kathleen
73438.21,6.65,5.71,4.22,35421.77,4187414.56,New Deniseton
66507.29,6.44,7.15,4.43,45902.73,4264931.68,New Deniseton
75465.66,5.37,7.76,5.6,37595.05,4223689.18,Rebeccaville
58450.54,7.3,6.01,4.3,37790.58,3941393.48,Rebeccaville
71626.24,6.97,7.5,4.02,26600.85,4146495.86,New Deniseton
84027.06,5.52,6.29,2.67,22081.19,4122764.32,Lake Kathleen
62369.7,4.98,6.19,7.0,50007.83,3824783.01,Jenniferstad
90238.46,6.15,6.89,2.57,14614.95,4141103.17,New Michelleville
74706.7,4.36,8.12,5.29,38914.14,4164767.23,Jenniferstad
42052.1,5.07,6.06,3.83,39924.6,3313316.23,North Jasonville
74553.03,5.77,7.72,4.93,44047.53,4434790.88,East Lucas
63310.53,6.75,7.49,4.01,33972.26,4172744.73,South Anthony
77548.5,6.01,5.34,2.94,36212.51,4059766.67,Lake Kathleen
82067.49,6.13,6.29,4.68,32598.46,4273773.81,South Anthony
73331.66,5.23,5.74,3.5,28670.44,3740485.45,New Deniseton
56197.73,5.18,6.94,3.57,40765.26,3754373.86,Jenniferstad
62521.17,4.86,5.95,4.72,38483.62,3777017.01,Lake Kathleen
83166.72,5.58,6.61,4.9,28691.61,4219635.22,Lake Kathleen
62404.81,5.17,7.56,6.32,32692.31,3813341.51,Lake Kathleen
71308.66,5.86,7.56,2.99,33132.7,4220820.92,East Lucas
66074.54,6.17,5.76,2.44,26336.07,3492217.8,Rebeccaville
43791.93,4.19,7.47,4.79,34059.47,3310561.82,Port Adamtown
55993.58,6.36,8.29,3.97,65708.08,4647256.37,South Anthony
77769.27,4.92,6.94,2.98,38378.55,4215207.11,North Jasonville
67064.46,7.4,6.61,5.02,43276.44,4248829.19,Rebeccaville
80469.71,3.98,4.39,4.32,24497.14,3428152.32,Jenniferstad
48211.74,6.37,7.61,5.13,30663.78,3561403.43,Rebeccaville
66467.84,5.83,7.52,5.25,43059.68,4127043.34,New Michelleville
85542.51,4.61,5.59,2.0,32797.64,3883737.86,Rebeccaville
82138.63,6.47,6.95,4.69,44122.05,4524666.96,New Michelleville
72589.55,7.57,6.91,4.24,24006.81,4244499.92,North Jasonville
78169.56,5.35,8.02,3.71,20953.93,4189331.84,Rebeccaville
91471.16,4.45,6.29,2.13,27181.63,3896993.47,Lake Kathleen
66844.19,7.02,6.91,4.91,29465.15,4062169.84,New Deniseton
75326.77,7.11,5.54,2.98,25256.49,4090575.62,Jenniferstad
57946.28,6.29,5.95,3.34,31717.42,3760541.46,Port Adamtown
70377.92,5.19,7.47,4.59,39415.04,4392898.84,Lake Christinaport
59164.74,6.22,9.12,5.87,33374.22,4071983.28,South Anthony
73010.12,5.34,6.39,5.66,34204.47,3799730.29,East Lucas
65927.81,6.93,6.62,3.72,50910.22,4369423.38,Lake Christinaport
89694.57,6.08,7.54,5.13,42136.53,4767900.23,East Lucas
58633.92,7.28,5.83,3.26,40309.56,3891621.69,Rebeccaville
86685.8,3.64,7.97,2.24,30918.83,4139863.99,Port Adamtown
62538.25,6.61,7.49,2.89,33765.1,4055440.83,Jenniferstad
67272.6,5.91,8.07,2.85,36650.94,4194939.44,South Anthony
77292.08,7.82,6.09,2.62,32239.6,4363272.53,New Deniseton
46782.83,7.13,6.99,4.64,38036.75,3716281.5,New Deniseton
87035.98,7.36,6.12,4.74,44814.72,4783273.67,Lake Christinaport
45864.71,6.52,6.56,2.0,53122.33,3970626.21,South Anthony
77323.89,5.91,6.44,2.84,41982.53,4093970.61,Lake Christinaport
69833.88,6.37,7.54,3.92,48514.19,4298696.84,East Lucas
72345.77,7.34,7.05,3.69,21586.51,4120667.05,East Lucas
77144.53,5.64,5.28,4.01,39540.92,3971830.77,South Anthony
70123.21,7.29,6.87,4.05,38811.84,4292268.7,South Anthony
76704.54,5.22,5.93,5.39,44748.19,4228645.97,Rebeccaville
76816.39,4.48,7.45,4.45,42243.37,4096704.08,Lake Kathleen
81616.36,7.88,5.14,5.64,38398.23,4390682.43,South Anthony
75873.2,4.53,6.99,3.64,38011.37,3937799.76,New Michelleville
81989.95,6.83,5.88,6.09,45848.3,4549352.67,Rebeccaville
62246.68,5.42,7.16,5.12,27371.41,3944326.2,New Michelleville
60849.83,5.84,5.18,2.75,36523.32,3768189.12,Port Adamtown
58411.7,4.64,6.31,2.48,35682.92,3445333.36,Lake Christinaport
58817.11,9.01,7.69,3.93,40917.52,4505159.0,New Deniseton
59569.73,6.39,6.73,4.6,42477.77,3968404.82,New Michelleville
65564.75,5.1,7.44,2.35,27364.45,3869888.88,Rebeccaville
42426.82,4.35,8.04,4.35,41871.33,3421366.54,Lake Kathleen
54802.52,7.8,7.4,2.77,45067.21,4352844.35,Lake Christinaport
69084.67,6.46,6.88,4.45,36727.83,4157114.84,South Anthony
75985.64,4.6,9.08,4.23,62256.29,4877788.99,Port Adamtown
59224.92,5.82,9.11,3.61,24496.31,3995322.53,Jenniferstad
60873.89,5.97,7.99,2.29,39199.49,4077236.79,New Michelleville
66170.59,4.94,8.14,4.98,43978.82,4155034.33,Port Adamtown
69652.18,6.29,5.6,2.18,26948.78,3733688.43,East Lucas
70347.58,3.95,5.81,3.12,46754.31,3642122.12,Rebeccaville
67906.68,5.73,7.43,4.72,42747.58,4001458.38,Port Adamtown
79181.97,6.89,7.35,4.98,39417.81,4547633.02,Jenniferstad
60897.78,5.98,7.86,5.16,40389.81,4212078.0,New Deniseton
70552.72,6.33,6.77,3.08,45104.62,4278721.11,New Michelleville
78547.78,4.79,6.69,2.96,31945.04,4067667.9,Rebeccaville
86122.44,3.99,7.24,3.57,27485.54,3935024.54,Jenniferstad
90818.72,7.11,8.11,5.19,37620.61,4937167.8,Rebeccaville
71563.3,4.85,6.54,3.42,37738.82,3943227.35,South Anthony
56553.96,7.23,7.58,4.89,22302.12,3919616.52,South Anthony
100414.38,4.21,6.48,2.0,37159.23,4228541.25,South Anthony
36667.07,4.65,6.48,5.87,36441.51,3274333.5,East Lucas
77009.9,5.49,6.68,4.42,16074.32,3902617.84,New Michelleville
73613.59,8.02,4.62,2.58,29975.14,4024932.53,North Jasonville
80042.12,5.09,5.8,3.4,31264.33,3834765.14,Rebeccaville
69631.85,4.73,6.81,3.17,27893.04,3527022.38,Lake Christinaport
74213.22,6.72,8.23,3.66,44198.66,4684943.06,New Deniseton
76882.22,5.77,7.34,3.52,21643.15,3974879.42,South Anthony
71307.0,4.98,8.49,3.49,27333.19,4068638.43,New Deniseton
72510.86,6.7,7.07,3.23,37921.88,4128220.37,Lake Kathleen
67077.87,7.53,6.01,4.78,29436.4,4010063.27,Port Adamtown
75832.05,6.65,6.94,2.79,42744.15,4380199.21,Rebeccaville
78208.43,7.3,6.9,5.74,39776.81,4495334.34,Lake Christinaport
71955.39,6.01,7.2,5.43,41445.38,4079236.14,Port Adamtown
51174.16,5.17,6.51,4.56,28805.12,3175613.73,Lake Christinaport
59674.26,6.69,5.83,3.93,43143.81,4064573.91,Lake Kathleen
71764.88,6.4,7.1,4.18,29192.37,4244864.0,Jenniferstad
59857.01,6.46,9.04,2.63,51940.03,4551386.05,Lake Christinaport
94875.91,4.17,5.61,2.07,24161.78,4049426.69,New Deniseton
70485.8,6.53,5.94,4.31,31264.96,4094345.16,Lake Kathleen
81101.93,6.78,6.42,4.92,32762.42,4262280.32,Lake Christinaport
75808.26,5.09,8.25,4.92,38109.17,4284327.35,North Jasonville
71342.0,6.25,7.24,4.22,37649.77,4163664.19,New Michelleville
64583.09,8.35,7.56,4.39,58326.17,4841605.2,South Anthony
68768.64,6.4,7.05,3.77,41865.03,4291133.96,Lake Kathleen
68192.17,4.85,7.09,4.83,26897.21,3649817.84,North Jasonville
66840.07,5.63,7.7,3.39,37437.31,4030791.6,Jenniferstad
88160.24,8.67,6.95,3.23,42493.36,5048082.65,Lake Kathleen
49865.0,4.67,6.28,4.57,15661.74,3161951.81,Port Adamtown
42252.06,5.43,7.01,2.0,44604.19,3374184.14,North Jasonville
55486.99,6.8,7.6,3.22,45521.98,4259787.56,East Lucas
51799.07,4.84,7.38,2.88,32269.61,3540169.4,North Jasonville
76613.39,5.51,8.01,3.96,29046.41,3959181.37,New Michelleville
54827.02,5.17,6.72,2.55,29335.04,3373970.02,Jenniferstad
69903.86,6.29,6.12,5.28,34205.77,4106393.71,East Lucas
76555.12,4.85,6.15,5.15,29675.93,3766978.21,South Anthony
75373.92,6.62,6.16,3.38,38229.6,4124714.88,North Jasonville
81277.66,6.21,6.84,3.0,54646.73,4682024.98,Jenniferstad
68674.98,7.15,7.66,4.11,30152.58,4095772.44,East Lucas
71795.28,5.06,7.79,4.72,38696.57,3947416.58,Jenniferstad
75784.85,5.84,7.86,5.19,31923.09,4361289.69,Jenniferstad
58113.74,5.25,6.76,4.54,28334.1,3649652.81,Rebeccaville
64101.68,5.04,6.26,2.98,39585.86,3790596.16,South Anthony
56997.18,6.84,8.92,3.27,37869.48,4258719.27,Port Adamtown
57855.09,6.13,7.51,2.0,31329.52,3789939.94,North Jasonville
69294.63,6.61,6.26,4.32,39621.73,4234955.64,Rebeccaville
84440.37,5.75,7.07,3.71,17767.45,4190684.37,Lake Kathleen
84230.73,7.77,7.14,3.89,57464.62,5033417.57,Lake Christinaport
59655.76,4.91,7.89,5.56,65803.92,4142630.93,Jenniferstad
82949.78,6.9,8.23,4.36,38192.49,4717256.18,Lake Christinaport
46718.88,7.41,6.17,4.3,31163.54,3738627.41,South Anthony
69074.51,5.83,7.58,3.31,25403.04,3859289.9,Lake Kathleen
79695.12,6.0,6.94,3.77,29276.74,4090297.88,East Lucas
55898.91,8.27,8.49,4.46,23871.08,4085161.71,South Anthony
80718.76,4.24,5.58,3.47,29020.19,3762637.5,Rebeccaville
74915.05,4.78,7.08,3.61,32446.04,3956139.58,New Deniseton
60263.05,6.01,6.67,5.32,41168.17,4035991.37,North Jasonville
58607.7,5.27,7.02,5.13,34866.45,3791780.68,Lake Christinaport
82746.26,5.61,5.77,5.42,54077.78,4378342.6,Lake Kathleen
72566.78,4.82,5.84,4.57,41611.36,3959167.61,Lake Kathleen
84175.36,6.43,7.09,4.96,13878.44,4118573.65,New Deniseton
75818.23,7.14,5.86,3.72,22888.82,3967909.92,Jenniferstad
87255.29,5.48,5.28,5.07,14402.06,3907479.68,Lake Kathleen
59456.42,6.28,6.12,4.31,42294.44,3968611.52,East Lucas
69014.78,5.38,6.01,3.43,41086.23,3991533.75,Lake Christinaport
59841.23,4.39,8.12,2.0,43954.78,3776139.62,Rebeccaville
77273.45,6.74,6.11,3.02,39394.59,4582548.54,North Jasonville
86748.68,6.35,5.66,5.31,36347.91,4370765.15,Lake Christinaport
61275.31,5.79,6.5,5.34,34602.97,3782144.54,New Deniseton
65845.91,5.47,5.14,2.85,59461.0,4063228.79,Lake Christinaport
72130.55,4.92,5.91,2.1,40512.55,3947790.65,New Michelleville
50898.35,5.08,6.17,4.21,55307.72,3763412.11,Port Adamtown
72279.68,5.53,7.96,4.1,34640.42,4112263.34,Rebeccaville
67521.3,5.86,7.08,4.24,32421.72,4012090.64,North Jasonville
79259.58,6.03,7.48,3.73,32368.89,4099281.24,Lake Christinaport
76816.72,6.91,7.89,2.38,31458.49,4431377.49,Port Adamtown
56388.78,8.27,6.37,4.4,34912.86,4066444.85,North Jasonville
85464.48,3.97,7.21,2.0,21438.27,3904865.93,Lake Christinaport
77837.5,5.47,7.4,3.67,38030.28,4327397.72,South Anthony
79914.32,5.66,5.55,3.25,44752.84,4358068.65,Lake Kathleen
97344.67,8.64,5.74,3.86,60535.34,5287257.97,New Michelleville
72996.1,7.0,7.17,2.47,51284.94,4583808.99,New Michelleville
76001.6,6.55,6.38,2.75,33440.64,4356960.42,New Michelleville
78963.44,5.37,5.87,3.72,7074.08,3644362.08,East Lucas
68989.73,4.91,7.51,3.84,14799.17,3789799.61,North Jasonville
60622.47,6.78,7.5,5.45,41779.14,4245313.41,Jenniferstad
70911.65,6.68,6.78,4.53,25101.3,3956326.02,Rebeccaville
64654.92,6.4,8.51,2.0,43764.57,4386667.91,North Jasonville
67332.83,4.93,6.52,5.59,17619.29,3503752.87,North Jasonville
77312.53,5.11,7.36,4.09,49389.78,4424196.34,North Jasonville
71339.45,5.13,6.05,4.12,32655.26,3852674.05,Lake Kathleen
65623.21,6.15,7.14,5.06,39787.98,4020943.44,Lake Kathleen
65697.8,5.47,6.61,4.01,42829.45,3795854.51,Port Adamtown
80755.07,4.59,8.66,5.79,31274.35,4257724.85,South Anthony
66960.98,7.29,6.71,3.81,33313.73,4261987.49,North Jasonville
60473.31,5.67,5.4,5.45,20415.85,3419058.97,Port Adamtown
55231.73,5.13,6.9,4.64,38988.63,3734902.57,New Michelleville
65942.14,5.91,5.07,4.87,40617.82,3722656.87,East Lucas
70392.55,4.76,4.19,3.0,24955.7,3411058.7,North Jasonville
78116.6,7.22,7.09,3.25,36176.21,4409063.01,South Anthony
84365.05,4.18,6.91,3.47,43054.36,4307371.06,Port Adamtown
61737.28,4.89,8.46,3.16,22266.92,3649197.16,East Lucas
79555.35,6.05,6.87,5.81,37052.14,4318533.8,Lake Christinaport
89682.56,6.0,5.31,2.0,33850.97,4331722.21,Rebeccaville
73131.61,4.76,7.99,3.58,24247.8,3854107.08,Lake Christinaport
60084.76,6.89,8.79,5.28,28732.41,4024823.37,Port Adamtown
65928.87,6.26,7.28,2.77,38697.63,4055826.9,New Deniseton
77246.09,4.09,9.2,4.0,19043.07,4006348.81,Rebeccaville
51123.91,6.46,6.62,2.0,44428.07,4050296.39,New Deniseton
75416.25,4.51,6.53,3.03,42182.84,3983788.48,South Anthony
69276.04,5.74,6.66,4.23,33563.08,3853148.12,East Lucas
59640.99,4.49,7.33,3.12,31834.71,3682779.67,East Lucas
83930.45,6.53,7.69,4.59,38736.71,4672362.57,Lake Kathleen
60835.69,5.59,7.37,2.45,23874.12,3817965.39,Lake Christinaport
90282.68,6.66,6.18,5.79,32588.2,4628658.83,New Deniseton
69770.82,4.83,6.67,5.39,43719.08,3834856.99,East Lucas
71709.37,4.49,6.46,3.14,42483.29,3970363.13,North Jasonville
52631.83,3.87,6.8,3.61,31706.75,3362460.83,East Lucas
55354.36,7.62,7.85,2.9,40280.08,4313127.91,Lake Christinaport
47283.95,5.06,9.52,4.66,27027.24,3742515.72,Rebeccaville
64215.54,6.85,7.2,2.6,46259.05,4333751.1,North Jasonville
82839.71,5.52,6.57,3.69,42167.87,4555214.0,New Michelleville
61826.98,4.76,6.73,4.75,40012.73,3795688.05,Jenniferstad
71577.16,7.87,8.41,3.93,29800.25,4461843.76,East Lucas
76890.27,5.84,7.44,2.34,26362.88,4159843.87,Rebeccaville
58536.68,7.42,5.17,2.77,33140.51,3804024.56,New Deniseton
75434.02,5.91,7.14,2.45,37918.26,4336518.6,Rebeccaville
71631.75,6.15,7.44,3.75,35076.5,4058168.88,Rebeccaville
77143.2,6.28,6.27,5.84,55427.76,4567032.99,East Lucas
63758.73,6.05,5.46,4.17,47181.44,3822377.57,Lake Kathleen
73405.15,5.97,8.36,4.76,21023.63,4186441.94,South Anthony
76878.87,6.42,6.51,5.32,16421.28,3910561.96,East Lucas
65155.52,5.58,6.4,2.92,49877.37,3921880.83,Rebeccaville
68435.2,5.86,5.84,2.68,46014.05,3980862.58,Jenniferstad
77585.83,6.3,5.4,3.72,34039.94,4166589.97,East Lucas
73586.57,6.38,6.86,2.75,40079.42,4431679.49,North Jasonville
58567.64,7.04,6.64,3.01,32700.81,3831554.59,North Jasonville
65502.29,6.57,7.23,3.97,43722.59,4195491.42,Lake Christinaport
68396.73,5.41,5.17,3.31,50780.59,3925011.11,Port Adamtown
57851.54,5.81,7.12,4.02,39283.21,3951539.34,South Anthony
58675.49,7.4,7.29,3.97,22542.02,3903156.49,Port Adamtown
64366.16,6.64,8.08,4.98,27682.24,3963122.13,Jenniferstad
55061.8,6.96,6.59,2.85,37704.32,3937288.37,Rebeccaville
75026.34,5.8,5.88,5.25,40227.5,4091571.41,North Jasonville
71950.87,6.25,9.85,3.09,18947.88,4381276.8,New Deniseton
82405.58,5.75,7.55,4.23,36500.24,4470217.13,East Lucas
77568.43,7.13,6.49,4.67,47580.36,4695104.04,Lake Christinaport
67125.59,5.95,5.72,2.62,50675.02,4041185.77,New Deniseton
61467.32,4.49,6.44,6.21,41759.44,3557454.44,Rebeccaville
58609.81,6.7,6.08,4.63,25435.91,3571288.05,New Deniseton
55497.48,5.29,8.39,4.72,38745.52,4002430.01,New Michelleville
69939.95,5.54,6.62,4.82,23539.6,3824749.93,Rebeccaville
64341.86,6.34,7.57,3.13,34593.57,4183531.12,East Lucas
96731.6,6.97,6.19,3.11,49329.37,5014895.69,South Anthony
78494.87,5.76,8.14,3.66,48215.26,4618515.09,North Jasonville
68747.75,6.21,7.14,2.0,30095.91,4020884.27,Jenniferstad
74892.25,6.44,8.75,2.31,43508.35,4583769.56,East Lucas
45779.08,5.83,7.89,3.11,32414.72,3651790.32,New Deniseton
75938.51,5.31,5.41,3.68,44516.72,4042902.22,Port Adamtown
83328.13,4.71,6.67,2.61,56385.62,4451452.34,Lake Kathleen
76478.93,6.07,7.93,4.88,38294.34,4316805.44,Lake Christinaport
67131.36,6.98,5.01,3.42,56684.48,4182592.74,New Michelleville
66530.16,4.51,6.76,6.39,46864.33,3770769.68,New Deniseton
77613.66,5.2,8.83,4.54,33433.6,4475633.42,New Michelleville
69627.71,5.0,5.81,2.84,32636.68,3736666.53,Jenniferstad
49233.96,6.99,6.64,3.6,42061.86,3773389.61,South Anthony
86131.36,6.54,7.72,2.0,21591.69,4338670.74,East Lucas
74611.53,5.96,6.73,5.13,22139.79,4048048.05,Jenniferstad
66086.98,7.36,8.19,3.93,36669.11,4448651.84,New Michelleville
79300.12,5.17,6.1,5.55,47621.36,4098015.42,Port Adamtown
72337.88,7.08,8.07,6.02,51193.64,4820844.65,Lake Kathleen
93698.18,6.38,6.82,3.76,28784.3,4427359.5,Lake Kathleen
75593.12,6.59,5.57,3.28,42136.7,4274108.08,Jenniferstad
46663.65,6.04,6.57,4.55,47002.16,3807791.05,Lake Christinaport
54419.49,5.64,8.12,5.03,34677.15,3776782.36,Rebeccaville
74087.84,6.17,6.33,4.06,33006.07,3963912.58,Lake Kathleen
63539.43,5.65,6.38,5.0,38593.58,3856922.16,Lake Christinaport
56189.91,6.33,7.28,2.86,29700.13,3754168.13,East Lucas
78162.18,4.82,5.37,4.68,42776.05,3883570.66,Jenniferstad
73080.13,7.05,8.1,5.27,27924.94,4351642.87,Lake Kathleen
51593.42,6.11,6.43,2.0,50444.95,3940166.61,East Lucas
65623.0,6.2,6.8,2.2,27186.99,3922038.52,Rebeccaville
74304.9,7.95,5.17,2.42,30748.54,4180652.6,Jenniferstad
65062.85,6.92,7.36,5.48,42386.33,4098807.95,Lake Kathleen
65823.15,6.19,7.32,4.41,13733.05,3754693.95,Rebeccaville
87678.0,5.8,8.71,3.36,25533.84,4422382.14,East Lucas
63597.72,5.67,7.85,3.0,41812.77,4054757.25,Lake Kathleen
71134.34,6.89,5.03,5.91,23123.68,3901193.77,Lake Christinaport
57807.04,5.19,7.38,3.24,32223.33,3503543.32,East Lucas
79211.9,6.59,7.21,3.74,27194.82,4250996.62,North Jasonville
66929.21,6.61,7.91,4.31,37032.9,4128659.25,New Michelleville
55754.64,6.38,8.39,4.68,34754.93,4062349.56,Lake Kathleen
90340.49,5.45,5.92,5.47,27780.06,4290306.98,East Lucas
80068.23,5.43,5.55,4.64,33767.36,4166519.77,New Deniseton
65607.08,6.77,7.2,4.18,43251.74,4176439.18,New Michelleville
59630.79,5.91,7.03,2.58,37157.23,3889148.67,New Michelleville
43688.49,7.58,7.27,4.74,32358.96,3774141.86,Rebeccaville
73964.6,6.02,7.77,3.84,33045.24,4229367.05,Lake Kathleen
64193.69,6.31,7.38,4.18,38396.96,4161691.48,North Jasonville
57563.21,5.79,6.01,2.83,35063.98,3703250.72,Lake Christinaport
61296.18,6.08,7.67,3.97,35374.11,4124343.05,Rebeccaville
57953.18,4.51,5.71,2.0,35436.36,3544230.59,Lake Kathleen
73050.02,6.76,6.63,3.41,26783.9,4094405.66,South Anthony
64566.46,7.2,6.21,4.92,29510.86,3989877.21,Jenniferstad
54501.32,4.87,5.58,5.41,35241.15,3413922.29,Lake Kathleen
84175.53,6.15,7.21,2.9,28015.97,4393526.68,Lake Kathleen
66903.8,6.71,5.29,3.24,38087.23,4157652.47,North Jasonville
75011.96,3.79,6.73,5.26,39543.85,3748959.45,Lake Christinaport
63910.55,5.04,6.25,4.33,24766.21,3585317.28,Lake Kathleen
54184.46,5.66,6.62,2.56,19763.03,3408000.38,South Anthony
69040.83,6.88,8.1,4.95,34219.05,4256533.61,Lake Kathleen
63425.04,6.48,5.82,4.39,36791.57,3668955.55,Lake Kathleen
93331.33,6.0,6.65,5.3,22307.5,4340661.34,Rebeccaville
86744.58,5.12,5.71,5.09,35340.54,4133689.64,Lake Christinaport
98035.68,4.06,8.08,4.91,31550.0,4598858.68,North Jasonville
69059.09,2.99,8.01,3.97,47563.98,3762364.7,New Michelleville
57758.72,6.18,8.19,7.0,42609.44,4251072.7,Lake Christinaport
58841.4,5.46,8.51,4.94,33947.04,3936823.62,Rebeccaville
56323.46,5.51,8.59,3.69,43356.35,4158432.87,Rebeccaville
59215.29,6.03,7.78,4.38,31437.4,3802565.72,North Jasonville
59665.54,7.14,7.99,3.66,31088.07,3974816.59,Jenniferstad
76219.74,5.72,6.06,2.91,26618.04,3877445.26,Jenniferstad
86502.96,6.24,6.46,4.25,39196.4,4289362.46,New Michelleville
60647.96,5.02,8.42,5.51,43257.66,3917664.64,North Jasonville
71124.96,5.52,8.34,3.45,29462.23,4107463.4,Lake Kathleen
53170.37,7.53,7.41,3.67,53168.42,4271427.28,Rebeccaville
56692.46,6.34,6.2,3.11,35852.1,3999199.06,Jenniferstad
84464.05,5.81,7.49,4.45,19576.41,4143085.32,Lake Christinaport
69475.72,5.61,7.29,3.18,36536.72,4178838.41,Port Adamtown
81592.02,5.09,10.38,4.81,36190.52,4538138.31,Rebeccaville
50846.2,5.51,5.3,2.81,25619.01,3258939.3,South Anthony
67794.47,6.88,7.34,5.47,47692.46,4614092.6,South Anthony
59165.93,6.12,6.25,5.4,20495.74,3527972.8,Rebeccaville
51523.64,6.25,7.07,4.48,31719.99,3601423.7,Lake Christinaport
61433.29,8.59,4.89,3.66,32736.38,3979640.63,Jenniferstad
62121.4,5.35,7.33,5.56,42639.24,3968704.08,North Jasonville
71063.74,7.44,7.07,4.28,42511.52,4230826.67,South Anthony
94550.92,5.44,6.84,4.28,53741.89,4876816.16,New Deniseton
96241.98,5.96,7.3,5.4,33435.32,4638198.54,South Anthony
69038.96,4.57,8.42,2.82,47217.7,4134637.62,Port Adamtown
65948.59,4.96,7.19,6.44,27186.04,3685418.42,Jenniferstad
53841.75,5.68,7.63,4.43,31974.56,3640029.79,East Lucas
71781.08,6.45,6.67,4.88,21485.68,4026771.15,Lake Christinaport
70584.49,8.21,6.47,2.76,37588.12,4354339.03,North Jasonville
66759.88,5.75,9.03,3.73,40637.22,4379686.79,Rebeccaville
73968.05,6.46,7.22,5.11,38398.54,4370989.83,Lake Christinaport
66571.06,6.83,8.38,3.08,56508.5,4704883.82,North Jasonville
69527.29,6.24,7.28,5.19,53794.39,4401279.36,New Michelleville
46238.25,6.93,5.69,6.65,33787.06,3552975.08,Rebeccaville
65291.31,4.16,6.14,3.69,27472.33,3359131.24,New Deniseton
61428.93,5.09,6.32,7.0,24903.71,3680411.14,North Jasonville
87446.68,6.04,6.77,2.0,31887.68,4553390.7,Rebeccaville
74147.39,6.51,7.88,2.18,35908.89,4341583.21,South Anthony
68114.75,5.94,6.94,4.29,39556.05,4105261.19,New Michelleville
71369.88,4.4,7.7,3.58,45676.25,4072041.99,Port Adamtown
86556.86,6.52,9.27,3.86,39996.36,4558490.16,North Jasonville
76570.14,5.53,6.2,3.76,51557.49,4450015.58,North Jasonville
76612.99,5.46,7.58,5.22,39144.59,4277137.57,South Anthony
66562.98,5.57,7.54,4.47,45197.17,4235075.41,Port Adamtown
57314.16,4.53,6.72,6.61,48373.13,3891864.62,New Deniseton
94049.48,5.91,4.69,4.49,50051.09,4503110.5,New Michelleville
77613.69,5.87,8.05,4.32,38678.83,4494246.72,Lake Kathleen
71656.2,6.44,5.04,4.16,34673.11,4128098.88,South Anthony
77928.56,5.47,6.54,5.81,43200.51,4231239.19,North Jasonville
64538.33,6.77,6.38,3.55,37144.5,4185512.64,North Jasonville
46933.09,4.41,6.45,4.35,35938.35,3243755.12,East Lucas
71969.06,5.99,7.49,4.33,53807.68,4435425.95,North Jasonville
71664.47,4.85,7.13,4.33,37192.84,3889640.45,East Lucas
70866.62,4.86,5.07,2.0,27171.25,3680466.35,South Anthony
80187.15,6.17,5.36,4.81,38220.03,4258193.1,North Jasonville
62185.13,5.71,7.39,3.84,59503.73,4385691.89,Lake Christinaport
88163.33,5.92,6.07,4.08,33043.85,4376035.26,South Anthony
78239.21,7.96,7.08,5.72,45901.77,4931163.83,Rebeccaville
80160.4,4.68,7.78,5.05,23526.59,4111644.89,New Michelleville
87345.48,7.42,5.89,4.23,49553.32,4575870.67,South Anthony
75011.73,6.41,8.24,3.34,38277.91,4511578.73,Lake Kathleen
53824.71,6.21,6.86,3.73,20470.32,3400067.2,New Michelleville
82574.29,5.9,4.73,3.92,44072.79,4190181.09,North Jasonville
61764.22,5.77,5.7,3.12,32025.96,3754791.0,Lake Kathleen
65662.48,6.62,7.07,4.8,33531.55,4192098.91,New Deniseton
77327.47,7.4,6.74,2.51,30460.23,4561414.3,Lake Christinaport
68909.94,5.24,6.37,5.35,41574.51,3918039.71,Port Adamtown
72009.3,3.75,7.51,3.55,38484.14,3961884.6,Rebeccaville
74575.66,6.74,6.65,2.48,33151.32,4368622.28,New Deniseton
55566.97,6.05,6.49,4.83,55707.45,4094316.95,Rebeccaville
65957.73,5.04,6.39,3.65,33064.99,3912457.82,Port Adamtown
67700.25,6.06,6.59,5.59,48009.1,4051189.97,South Anthony
85818.69,5.2,7.52,2.7,36664.29,4340938.52,North Jasonville
62150.17,5.35,6.51,6.13,29519.65,3586736.16,East Lucas
82888.01,6.86,6.61,6.11,42020.48,4551814.87,South Anthony
77769.49,5.41,7.22,3.26,37270.58,4141660.45,Port Adamtown
66649.21,6.41,7.47,3.95,33032.04,4018674.07,Lake Kathleen
63308.4,4.65,6.62,4.19,36005.83,3734577.41,South Anthony
64242.93,7.06,7.69,2.94,39429.87,4118555.73,South Anthony
60357.8,5.65,6.39,4.08,42016.38,4106131.52,Lake Kathleen
68074.29,5.3,7.16,2.78,17965.05,3586814.23,Lake Christinaport
77629.98,5.64,7.88,3.1,38220.97,4514607.0,New Deniseton
75746.01,4.66,6.17,3.07,36324.62,3836274.41,South Anthony
66960.3,4.79,7.68,3.42,40122.55,3811377.92,Rebeccaville
69863.33,6.65,5.08,4.35,47218.5,4028594.42,East Lucas
75064.89,6.93,6.27,4.19,33432.26,4189991.81,Jenniferstad
56465.9,6.37,8.14,3.14,46290.48,4152382.34,North Jasonville
71250.57,5.65,7.69,3.08,27640.37,4049950.1,New Michelleville
53092.67,4.88,6.33,4.27,17728.07,3123275.02,Rebeccaville
65971.66,4.82,6.89,3.38,47132.83,3893587.16,South Anthony
52599.28,6.01,5.47,5.02,29602.0,3444558.77,East Lucas
62276.14,5.5,7.14,2.44,19964.49,3739527.3,Jenniferstad
63048.83,6.22,7.42,2.22,30582.85,3769561.19,East Lucas
65381.21,4.94,6.88,4.46,32135.89,3889139.6,Port Adamtown
79765.38,4.62,6.76,3.75,33901.59,4054991.52,North Jasonville
64235.72,6.08,5.05,3.47,24449.75,3533786.88,South Anthony
79169.19,5.95,7.63,3.99,28732.0,4127047.56,New Michelleville
76877.3,7.29,5.71,2.47,46148.51,4451552.53,Rebeccaville
61509.58,7.68,7.04,3.83,48511.31,4350784.97,Port Adamtown
69548.85,6.19,6.02,3.14,37651.44,3960682.15,New Michelleville
68155.27,5.46,7.24,3.26,34682.49,3914259.57,Port Adamtown
61684.95,4.3,6.93,5.27,39364.33,3509629.31,Rebeccaville
68496.1,7.13,5.83,4.65,28811.79,4097555.04,East Lucas
46336.02,5.87,8.95,3.94,6392.53,3324793.31,New Deniseton
72119.87,5.71,6.65,5.06,53240.61,4126511.22,Lake Kathleen
81421.26,7.8,7.13,4.36,48535.18,4847901.15,North Jasonville
71898.77,5.82,6.03,2.0,26233.29,3793486.35,Lake Kathleen
70159.31,6.18,7.98,3.71,37373.46,4234607.17,Port Adamtown
53062.31,5.9,8.33,2.0,27500.93,3747896.31,North Jasonville
77495.77,6.46,7.5,5.41,45952.68,4606956.99,New Deniseton
75092.91,6.15,8.41,3.56,25509.15,4239559.5,Port Adamtown
81591.58,5.49,7.12,3.17,44967.27,4250422.52,Port Adamtown
82583.99,5.94,6.94,4.69,18465.32,4135986.22,New Deniseton
62822.96,7.28,6.14,3.8,30766.2,3764077.18,Rebeccaville
66751.41,5.06,7.33,4.53,34675.05,3850247.43,Rebeccaville
83634.63,6.1,7.64,2.1,39554.11,4442353.17,Lake Christinaport
51453.03,7.2,6.63,2.0,46484.48,4119171.69,Lake Christinaport
72014.64,6.97,7.93,3.8,42566.63,4493762.21,New Deniseton
59031.44,6.6,8.08,4.84,27275.1,3821024.21,New Deniseton
59988.98,4.03,7.69,2.45,29634.61,3617582.3,New Michelleville
77106.16,5.61,7.23,3.39,35413.46,4239512.57,Lake Christinaport
67590.12,5.73,7.62,5.61,33670.83,3929252.41,Lake Christinaport
70482.61,4.99,6.01,2.59,27836.49,3725101.45,Rebeccaville
81279.98,5.36,7.31,2.44,26227.17,4198523.93,Jenniferstad
80317.74,5.1,7.55,4.93,40858.05,4237009.79,Port Adamtown
73734.61,5.86,6.49,6.15,37274.78,4094390.35,Port Adamtown
74068.92,6.11,6.81,2.86,14482.5,3804029.55,Jenniferstad
78285.32,5.96,6.39,3.82,59268.01,4640667.14,New Deniseton
58468.07,6.06,6.1,3.48,45865.18,3838657.75,New Deniseton
53254.02,5.82,6.76,2.32,46425.21,3789968.39,Lake Christinaport
68293.23,6.09,7.8,4.2,51508.03,4306238.62,East Lucas
75931.53,5.41,8.17,4.5,27258.67,4183553.78,Port Adamtown
81882.78,6.21,6.54,3.62,42979.95,4316381.56,East Lucas
69478.96,3.97,6.65,2.7,30771.56,3563799.18,East Lucas
80415.98,6.05,7.76,2.13,47139.64,4611415.76,East Lucas
72788.32,7.66,5.64,2.87,66229.39,4589118.1,Lake Christinaport
54342.4,3.46,7.8,5.07,44602.6,3595545.87,Lake Kathleen
72200.03,6.52,7.47,2.0,25640.35,4070987.65,Port Adamtown
81122.32,6.15,6.78,6.2,19197.92,4121258.29,Rebeccaville
62188.11,7.31,6.0,4.17,39282.88,4090327.18,Jenniferstad
73200.58,6.59,7.35,6.26,38009.85,4361975.85,New Michelleville
64313.34,6.52,8.17,3.87,39368.79,4097099.27,Rebeccaville
66586.94,7.06,7.69,2.41,32539.77,4420703.11,New Michelleville
65685.02,6.45,5.45,4.96,51944.02,4129441.67,Jenniferstad
69649.29,5.74,7.05,3.47,50184.71,4366802.31,Lake Christinaport
55520.33,5.82,7.11,3.19,33845.24,3686567.89,Rebeccaville
78670.11,4.32,8.66,2.22,37214.45,4206232.07,New Deniseton
79927.41,4.75,6.4,4.36,37956.96,4215748.47,East Lucas
79562.35,7.21,5.73,4.66,37350.42,4440705.37,North Jasonville
58794.01,7.34,7.22,4.25,44092.81,4347966.4,Port Adamtown
75567.51,6.44,6.1,4.28,48058.67,4362915.9,South Anthony
79094.64,5.81,6.88,6.19,33917.25,4481225.96,Rebeccaville
73206.37,5.95,7.61,4.46,56452.93,4375585.77,New Deniseton
60208.4,5.05,7.06,3.65,37082.0,3641475.23,Jenniferstad
63228.35,4.58,5.92,2.67,32457.59,3474361.98,Rebeccaville
83650.65,5.02,7.52,3.76,30999.71,4312125.13,North Jasonville
67332.91,6.24,5.77,3.56,32704.9,3887721.81,North Jasonville
61028.55,6.71,6.6,5.84,44247.14,4097795.63,Rebeccaville
60312.99,4.52,6.57,5.65,38174.62,3615111.34,East Lucas
61972.61,5.67,8.28,3.33,22640.92,3887008.61,East Lucas
74744.68,4.77,8.13,3.79,36630.77,4250706.18,North Jasonville
47209.3,5.91,9.85,4.14,33241.54,3761682.82,Jenniferstad
53902.84,5.75,6.47,5.64,30841.43,3599894.89,North Jasonville
52122.11,6.37,6.92,4.08,25925.68,3535267.74,Jenniferstad
75796.14,3.7,7.3,2.25,27325.12,3846747.75,East Lucas
57474.31,7.99,7.82,6.2,27663.09,4190821.7,Jenniferstad
48659.67,7.44,6.08,5.61,44213.75,3926427.57,New Deniseton
66115.18,6.45,7.68,4.21,42208.24,4232277.18,Port Adamtown
72169.19,6.54,8.18,5.15,44196.81,4574968.75,New Deniseton
61746.26,4.07,8.21,3.07,51570.27,4217998.44,New Deniseton
62377.73,6.0,7.22,6.48,41081.33,4183430.9,South Anthony
81592.35,6.87,5.42,4.78,30084.42,4369827.16,New Deniseton
84117.96,4.81,6.49,2.17,38977.48,4004554.95,South Anthony
71985.49,7.42,8.09,6.91,26773.54,4462557.85,Port Adamtown
63613.28,4.93,5.84,4.74,22867.28,3403719.44,Jenniferstad
75322.44,5.77,6.37,2.25,70000.0,4683000.16,New Deniseton
69853.09,6.93,6.85,3.28,22180.79,4037532.31,Lake Kathleen
68092.79,5.42,6.95,3.56,30078.78,3750246.91,South Anthony
80315.57,7.85,7.0,3.34,40791.02,4619751.47,Rebeccaville
53838.5,5.72,6.67,5.78,39182.94,3749582.36,North Jasonville
69880.91,3.48,6.67,4.3,25345.48,3362182.94,New Michelleville
69739.04,7.71,7.29,4.61,28475.05,4372035.33,Rebeccaville
95487.84,5.64,4.79,3.82,39520.13,4445425.19,New Deniseton
63084.7,6.51,4.92,3.03,35633.98,3731186.24,Lake Kathleen
76921.89,6.19,5.35,4.31,30692.65,4166154.62,New Deniseton
70637.17,5.49,7.26,4.12,38029.05,4153790.27,Rebeccaville
67527.78,5.88,6.35,2.63,32080.65,3892192.8,South Anthony
70542.66,5.59,6.43,4.01,49607.47,4185657.46,East Lucas
87521.97,7.45,6.4,3.72,28258.79,4537085.47,New Michelleville
71213.94,6.04,6.4,3.97,30494.38,3972681.95,North Jasonville
57467.65,6.14,6.13,4.17,49797.46,4024763.45,New Deniseton
59375.51,6.44,5.19,7.0,34559.06,3717648.58,Lake Christinaport
82875.78,6.92,7.38,4.44,40858.99,4597402.72,Rebeccaville
68322.14,5.34,8.47,2.82,27922.58,4047988.45,North Jasonville
77507.73,5.89,6.92,3.61,21738.23,4006163.71,Port Adamtown
58744.31,6.54,6.41,4.32,26451.67,3776880.33,Port Adamtown
64473.55,5.7,7.22,4.37,30743.08,3800450.26,Lake Christinaport
51598.49,5.49,9.37,3.2,23744.56,3771718.3,East Lucas
83584.01,6.83,7.22,2.0,29860.02,4426960.22,South Anthony
54244.34,5.88,6.83,2.0,35643.19,3665448.9,North Jasonville
75349.11,6.84,6.93,2.4,42416.14,4200910.76,New Deniseton
60147.36,5.89,7.46,3.09,56084.97,4231547.39,Rebeccaville
70127.25,4.76,8.15,4.73,38331.4,4132634.56,New Michelleville
70834.87,6.03,7.49,4.08,25952.55,3895963.51,Port Adamtown
63879.2,7.05,7.66,4.26,23780.68,4000387.99,New Deniseton
64045.99,6.32,7.32,4.31,22560.82,4051587.46,East Lucas
63643.44,6.75,5.05,4.46,34836.28,3845021.37,Rebeccaville
78254.24,6.73,6.35,2.5,40875.04,4489827.82,New Michelleville
84372.81,6.08,8.38,3.31,20242.01,4420376.85,North Jasonville
46038.2,5.61,7.64,3.79,37865.62,3665717.15,Port Adamtown
67261.42,5.64,7.68,2.89,26666.93,3871106.73,Lake Christinaport
61900.1,6.26,5.7,4.37,32479.71,3838430.95,Port Adamtown
73762.37,7.42,7.16,2.0,23351.85,4179501.39,New Deniseton
73991.39,6.6,8.23,3.69,35621.85,4370231.36,Jenniferstad
71591.72,5.0,6.98,5.62,22618.46,3894729.01,Rebeccaville
82300.67,5.64,7.73,2.0,37627.95,4514583.18,Jenniferstad
61323.9,3.51,9.01,6.18,44057.65,3850587.48,Port Adamtown
66315.3,5.86,5.82,3.28,61862.14,4274486.87,East Lucas
90855.77,5.7,7.34,5.34,42917.34,4694410.02,Rebeccaville
58228.74,6.27,8.23,3.5,19677.71,3910638.52,Lake Kathleen
87742.16,5.42,7.47,2.0,50681.58,4719985.23,Rebeccaville
79764.2,5.13,6.52,4.83,57395.26,4261649.98,New Deniseton
58770.45,5.89,8.88,6.79,34573.95,3996918.3,East Lucas
66124.8,6.65,7.17,5.36,22189.62,3979403.89,New Michelleville
71738.78,6.96,6.76,4.8,32724.49,4182174.31,Lake Kathleen
69175.45,5.12,7.85,4.13,38409.94,4121209.81,South Anthony
81354.7,6.19,6.21,6.86,40822.75,4343603.87,East Lucas
68041.45,6.73,8.16,5.05,25727.28,3969499.32,North Jasonville
58589.04,5.95,5.72,3.88,45014.95,3761523.06,East Lucas
75062.87,5.56,6.82,3.63,39350.8,4107182.26,Lake Christinaport
52202.02,6.18,7.02,3.02,15168.19,3582933.62,Jenniferstad
40339.02,6.53,9.43,5.85,35690.8,3888224.94,New Michelleville
69194.53,5.65,6.16,2.53,33938.49,3840968.37,New Michelleville
60487.76,6.51,8.44,5.61,47700.96,4267998.12,North Jasonville
75135.4,5.32,5.99,4.06,27791.98,3918681.58,New Michelleville
62862.53,5.23,8.46,2.99,20953.84,3812879.49,New Michelleville
59665.82,7.36,7.43,5.22,22197.63,3728546.61,Port Adamtown
55453.25,5.97,3.56,2.0,37997.01,3385233.49,Port Adamtown
71072.06,5.69,7.19,4.59,26114.23,3833963.33,New Michelleville
74077.74,8.52,6.21,3.28,46753.56,4820226.55,North Jasonville
59060.96,5.94,7.38,4.44,23512.85,3558043.34,New Michelleville
58322.1,5.11,7.16,4.33,44279.94,3742921.77,New Deniseton
73789.39,6.15,8.53,4.36,38425.43,4447092.58,East Lucas
75064.38,4.89,6.19,5.93,21709.0,3854442.64,Port Adamtown
56527.86,5.48,5.67,2.37,44195.8,3724777.75,New Deniseton
81788.13,4.96,9.69,4.35,36308.75,4519810.14,Jenniferstad
71275.43,5.94,7.13,4.38,34077.5,3971854.73,Rebeccaville
66667.58,5.01,6.07,4.14,18294.44,3423569.94,Jenniferstad
73543.69,6.59,5.97,2.63,33943.2,3957460.44,Lake Kathleen
58146.77,7.38,9.06,3.89,47058.11,4570105.38,Jenniferstad
78077.45,5.97,8.78,3.8,21459.14,4129868.13,Port Adamtown
86527.78,5.64,7.63,5.01,31323.25,4328549.09,South Anthony
54342.72,6.65,6.66,4.29,25594.84,3617000.34,Lake Christinaport
57423.39,4.26,7.52,3.25,48142.18,3824709.82,Lake Christinaport
69433.62,6.49,6.25,2.84,46427.83,4226529.33,Lake Kathleen
48803.1,5.26,6.89,3.41,29972.61,3471525.75,East Lucas
65447.82,6.65,7.93,3.27,35970.57,4312025.99,Rebeccaville
61799.91,5.0,8.23,3.29,24549.44,3718761.29,New Deniseton
76699.69,5.54,8.39,2.0,35482.86,4420603.12,Rebeccaville
91507.78,7.01,7.26,3.57,60502.58,5296557.14,East Lucas
86794.98,4.99,6.43,4.29,20345.0,4069382.64,New Michelleville
62067.43,5.82,6.61,3.29,51069.56,3977064.52,New Deniseton
53436.11,6.26,7.94,2.0,43972.53,3971681.48,Jenniferstad
84055.38,3.97,5.65,2.97,14634.35,3610609.97,Jenniferstad
66702.68,6.29,6.34,3.63,31382.75,3979678.51,Lake Kathleen
61358.8,5.99,6.26,3.8,43216.48,4024710.1,Lake Kathleen
55346.68,6.76,6.38,3.98,31552.59,3806939.09,Port Adamtown
59021.05,6.76,8.77,4.16,34647.41,4197625.81,Jenniferstad
69917.67,6.0,7.49,5.24,30401.95,4192796.59,East Lucas
71997.35,7.32,7.49,4.31,46156.69,4641308.21,North Jasonville
75320.91,6.33,5.17,3.82,46933.69,4155026.65,South Anthony
74200.88,6.33,6.97,2.0,53215.48,4586258.02,South Anthony
81473.5,5.68,7.88,3.49,33694.99,4397463.09,New Deniseton
74923.55,5.63,8.64,4.15,14405.98,3935214.05,Lake Christinaport
62813.44,7.09,6.96,4.13,53561.99,4595710.75,Lake Kathleen
74759.16,5.56,6.51,5.0,15888.97,3799109.46,Rebeccaville
78287.75,5.19,6.59,4.02,38394.96,4147157.82,Port Adamtown
51917.66,6.46,7.28,3.27,8279.87,3397968.79,Lake Kathleen
77088.38,8.08,7.37,2.55,32997.59,4545885.6,Rebeccaville
71732.43,4.65,5.97,5.17,35502.06,3776427.4,Jenniferstad
63375.17,6.82,6.13,5.29,39798.74,4035535.16,North Jasonville
65269.35,5.54,8.92,5.05,30659.88,4097409.58,East Lucas
68737.35,5.55,7.83,5.92,38058.22,4137690.29,Jenniferstad
72665.38,5.76,6.66,3.67,34050.89,4189386.99,New Michelleville
76129.16,6.59,6.06,3.64,36087.13,4271261.57,South Anthony
61931.21,5.67,7.94,5.79,48401.77,4100558.26,Lake Christinaport
81313.6,5.61,7.29,2.08,46371.43,4514719.11,South Anthony
75439.18,6.26,7.04,5.33,24401.84,4139590.54,Lake Kathleen
68944.63,5.82,6.43,2.63,23882.37,3924966.87,South Anthony
71354.64,6.08,6.57,2.0,17048.13,3797072.58,Lake Kathleen
57344.2,6.88,6.21,2.5,55094.41,4221483.98,Lake Christinaport
79544.64,5.09,7.24,2.83,38421.66,4266900.09,North Jasonville
81888.31,5.61,6.19,4.32,39837.76,4146021.05,East Lucas
57665.74,5.21,6.1,6.31,36911.02,3723987.76,South Anthony
75877.85,5.66,8.09,3.8,38209.53,4180458.37,Lake Christinaport
82734.83,6.01,6.61,4.1,41348.91,4473697.09,Lake Kathleen
57315.46,6.04,6.59,5.57,40176.62,3954129.13,Lake Kathleen
63528.29,5.03,7.4,3.37,29605.13,3686813.46,North Jasonville
73920.47,6.69,7.24,2.0,43747.05,4527234.04,Rebeccaville
79612.44,5.35,6.79,3.05,16333.43,3829405.28,East Lucas
44877.1,6.17,6.9,3.72,44717.1,3698610.47,South Anthony
66761.43,7.33,6.07,2.31,38307.18,4153004.06,North Jasonville
64165.02,7.14,8.91,2.88,9096.11,3957402.22,North Jasonville
56097.59,6.59,5.89,3.68,39031.71,3944230.06,New Michelleville
75631.68,6.43,6.82,4.54,21755.58,4093367.24,Lake Christinaport
65579.39,7.76,7.28,4.18,23647.36,4040003.04,East Lucas
38665.19,5.16,6.42,2.41,23146.58,3002670.09,Lake Kathleen
71293.46,5.79,7.39,3.51,48275.04,4499138.39,Jenniferstad
77481.58,6.33,5.12,3.75,52614.22,4377987.94,Port Adamtown
64388.87,6.54,6.49,3.3,36805.16,3987888.69,New Michelleville
62212.58,5.44,8.04,6.41,49581.35,4161956.28,South Anthony
60479.53,5.27,5.76,3.29,23042.71,3478326.74,Lake Kathleen
69594.56,6.06,5.64,4.13,32974.49,3865511.41,Jenniferstad
57544.53,5.22,10.31,5.35,33794.83,4230451.91,Lake Christinaport
76920.57,5.56,9.03,3.68,44390.61,4438474.7,Lake Christinaport
68224.8,5.65,9.01,5.53,29472.29,4128038.03,Jenniferstad
65245.78,6.52,5.77,4.53,29686.77,3833487.42,New Michelleville
57051.8,7.55,6.16,3.99,40604.15,4044205.14,Lake Kathleen
62597.7,6.6,6.4,4.21,14636.23,3551015.2,East Lucas
38728.03,6.46,7.49,2.0,44336.52,3528667.09,Lake Kathleen
72510.29,6.75,8.68,4.65,42153.12,4539615.75,New Michelleville
75853.14,6.86,6.18,5.63,31180.84,4104044.78,Lake Christinaport
62145.58,5.04,8.41,4.93,16438.28,3606531.4,Lake Kathleen
88522.98,6.1,6.48,2.05,45495.65,4467812.23,South Anthony
69581.03,4.84,7.34,4.17,35282.81,3734584.7,Jenniferstad
72783.66,7.49,8.69,4.12,46677.34,4915057.8,Lake Christinaport
57721.69,6.96,5.87,5.06,49039.36,4125485.48,Rebeccaville
60542.26,5.56,7.66,3.68,33034.95,3915550.24,Jenniferstad
66344.98,5.52,6.95,3.64,48488.77,4165273.88,Port Adamtown
86709.24,7.06,8.85,2.63,48990.61,5049779.65,New Deniseton
65102.66,6.72,6.99,2.45,41733.91,4231318.84,Jenniferstad
63910.08,5.99,9.99,4.76,45971.57,4523407.31,Lake Christinaport
70917.23,5.78,8.39,4.69,26484.09,4328269.11,South Anthony
78732.33,5.42,6.31,6.16,42109.97,4033390.16,Rebeccaville
68414.28,5.83,8.01,3.76,34391.43,4037753.93,East Lucas
60312.42,6.62,9.76,3.61,19021.41,4024470.98,Lake Christinaport
68865.16,6.12,7.4,3.45,21640.28,3994878.45,Lake Christinaport
63309.87,5.32,7.8,2.15,34429.66,4098397.38,New Deniseton
68084.84,6.15,6.92,3.37,57842.12,4355926.7,North Jasonville
74757.22,6.99,6.71,3.64,23254.97,4277232.45,New Michelleville
69215.64,5.5,6.8,2.39,41370.26,4199726.23,New Michelleville
76891.9,7.65,6.99,3.41,42700.05,4749452.58,Port Adamtown
73864.53,6.03,7.24,5.99,36117.24,4380011.29,Rebeccaville
65912.47,4.83,7.42,2.0,44793.93,4020001.86,East Lucas
63658.18,7.16,7.09,5.47,16838.64,3850561.88,Lake Kathleen
80370.17,5.7,8.16,5.0,46574.4,4665863.96,North Jasonville
85506.3,6.93,5.72,3.14,38254.17,4609596.73,Lake Christinaport
59005.02,6.15,6.33,4.83,26675.3,3609710.93,Lake Kathleen
67873.92,5.97,6.64,4.12,39466.49,4016130.7,New Deniseton
69442.62,5.25,7.08,2.88,32424.19,3927312.1,South Anthony
49021.05,6.85,6.87,3.61,16480.22,3456059.15,Rebeccaville
68461.6,9.19,8.2,5.72,38916.46,4471116.71,North Jasonville
68454.89,6.0,7.93,3.83,15618.15,3900323.87,Lake Kathleen
80189.56,5.79,6.72,4.65,43435.3,4458354.51,Rebeccaville
76757.53,6.24,7.15,3.08,41843.26,4243604.79,New Michelleville
82339.66,6.48,4.19,4.08,32808.53,4108857.18,North Jasonville
71423.83,6.09,6.07,5.67,36546.94,3872453.14,Jenniferstad
82068.7,5.8,8.78,3.23,31640.96,4610785.23,Lake Kathleen
53892.42,5.63,7.61,3.81,35584.23,3633656.01,New Michelleville
71838.46,7.96,5.95,3.83,39799.02,4365495.38,Port Adamtown
64139.72,4.76,6.81,4.26,36292.96,3712847.34,East Lucas
53120.8,6.56,7.0,2.0,38662.09,3762949.01,New Michelleville
74004.06,5.79,5.4,5.01,25805.18,3935173.11,South Anthony
64390.19,5.17,8.77,3.26,32532.22,4135663.8,East Lucas
67566.97,6.75,7.4,4.26,20502.07,4052345.24,Jenniferstad
56902.79,7.31,6.92,3.87,39256.59,3876513.78,South Anthony
54638.4,6.71,7.25,5.12,39096.38,3977182.84,North Jasonville
92085.05,7.45,6.06,3.89,30043.51,4711978.62,East Lucas
70501.4,7.25,5.79,3.29,44389.67,4442617.34,South Anthony
60348.26,6.36,6.63,5.41,29339.64,3681752.84,Lake Christinaport
50807.51,7.29,6.31,3.28,50488.27,4126626.23,Jenniferstad
63264.68,5.64,9.92,3.38,40675.9,4242259.23,South Anthony
64851.34,8.06,7.03,4.1,32363.0,4168391.58,Jenniferstad
54224.61,5.45,7.34,2.0,40902.17,3820901.91,North Jasonville
68889.48,4.16,5.67,2.72,36502.7,3588485.68,Port Adamtown
62993.0,6.13,4.76,4.17,26603.34,3544901.08,Lake Christinaport
75271.65,6.65,7.78,4.06,25187.49,4144204.88,South Anthony
66401.78,5.24,7.12,4.31,36778.83,3843337.1,Rebeccaville
71838.28,5.41,8.16,5.18,26035.97,4028396.49,Lake Christinaport
73319.62,4.97,7.64,2.44,29924.24,3956331.28,East Lucas
68628.6,4.78,5.59,4.66,36969.57,3730822.52,New Deniseton
68649.73,6.44,5.96,2.18,40336.4,4150437.45,Port Adamtown
87334.69,6.42,7.56,2.18,24529.65,4360887.77,Port Adamtown
76535.71,6.4,7.27,2.81,55542.43,4676590.62,Lake Kathleen
86966.6,6.01,4.99,3.48,40187.06,4367516.2,New Deniseton
58590.59,4.64,6.67,4.44,41054.62,3660405.14,New Michelleville
55700.94,6.08,6.8,4.07,26463.05,3596734.57,Lake Kathleen
72496.01,4.39,7.18,4.48,46248.84,4007185.99,Rebeccaville
68657.37,6.86,6.5,3.55,18983.35,4051042.22,Port Adamtown
58973.4,6.54,5.39,3.72,32324.81,3841261.66,Rebeccaville
57028.85,6.02,5.57,4.78,45336.01,3820797.84,Lake Christinaport
75948.42,5.92,6.97,2.84,48700.11,4205845.2,New Michelleville
73346.27,7.31,9.01,3.38,27037.96,4370355.0,New Deniseton
52789.6,4.82,7.74,4.12,33351.05,3512831.51,Lake Christinaport
84894.48,5.87,7.42,2.29,16779.85,4110897.5,North Jasonville
81174.69,4.72,6.94,3.46,36201.72,4128134.5,Rebeccaville
73910.99,4.92,6.65,4.97,28219.71,3840596.37,Lake Christinaport
60682.79,5.54,7.27,2.74,40104.08,3911689.41,Port Adamtown
46700.94,6.14,6.09,6.95,34061.22,3587182.43,South Anthony
84041.66,7.29,6.07,3.26,30027.86,4444229.37,Lake Christinaport
86716.29,4.81,6.47,3.93,40123.57,4196489.29,New Deniseton
62375.21,5.07,6.41,3.49,39466.48,3721343.69,Jenniferstad
78641.83,5.46,5.21,3.33,42792.78,4083091.24,Lake Kathleen
74298.32,5.58,8.37,4.35,26724.87,4105517.44,Port Adamtown
78937.15,5.25,6.43,3.1,37541.32,4190245.38,South Anthony
72569.94,6.51,7.97,5.53,40482.86,4528352.2,New Deniseton
71519.35,6.48,5.84,4.35,35715.32,4091578.66,East Lucas
66811.35,6.2,7.3,6.06,26540.45,4015355.89,Lake Christinaport
64015.86,5.91,7.03,4.11,51651.04,4314888.5,Jenniferstad
53336.55,5.09,6.5,3.32,36769.66,3592128.61,New Deniseton
45154.8,7.03,7.59,3.21,35593.09,3932183.43,Port Adamtown
83228.13,5.32,6.13,3.1,34973.01,4120695.36,New Michelleville
79814.91,5.52,5.72,4.12,40809.1,4157552.97,East Lucas
81983.38,4.66,5.63,4.2,29657.2,3919657.48,East Lucas
59872.32,5.82,4.9,4.21,45707.61,3531958.05,Jenniferstad
55894.0,5.42,4.81,3.28,29110.8,3268954.02,North Jasonville
68874.08,7.15,4.76,4.88,29756.57,3774832.78,South Anthony
74700.86,4.82,5.53,4.5,19385.79,3640376.26,New Deniseton
50256.1,4.51,6.66,3.23,40315.99,3333263.6,Lake Christinaport
46906.61,6.66,7.93,2.0,47887.55,4063607.98,New Deniseton
67744.23,5.31,7.0,3.28,39619.42,3796412.15,Rebeccaville
62566.7,4.61,9.5,2.53,44794.68,4135682.1,New Deniseton
79356.03,6.17,5.64,2.61,24873.15,3969669.78,Jenniferstad
56125.26,7.31,6.85,4.1,21887.26,3840336.25,Rebeccaville
89366.98,6.13,5.84,4.54,33803.11,4273441.18,Jenniferstad
82475.88,5.88,6.1,3.98,31038.96,4254629.0,Lake Kathleen
74286.33,7.56,6.18,3.55,34433.12,4196545.51,New Deniseton
68917.61,5.16,8.21,6.27,29102.96,3997299.86,East Lucas
70069.18,6.55,6.37,3.47,39288.88,4350088.58,New Deniseton
66706.07,7.33,4.85,5.51,25206.97,4004022.68,Jenniferstad
70180.76,7.12,6.36,3.99,44889.96,4256889.78,Rebeccaville
66991.81,7.46,7.1,3.54,26444.87,4125329.29,North Jasonville
67208.23,4.99,6.84,5.28,38128.23,3898143.9,South Anthony
65034.25,7.74,8.98,3.65,28797.6,4380515.08,Rebeccaville
60411.39,5.9,5.92,3.8,48243.54,3869858.93,New Michelleville
75711.1,6.75,7.01,4.52,27231.42,4248168.82,Lake Christinaport
67203.78,6.2,7.57,4.62,27044.29,3919120.33,New Deniseton
66647.43,5.73,7.78,4.4,39564.98,4226939.53,Lake Kathleen
49139.43,4.93,7.0,3.22,35550.41,3599144.28,North Jasonville
58830.19,8.22,7.3,2.55,32753.18,4221121.15,South Anthony
89670.0,4.42,5.99,3.4,39186.53,4198164.93,Rebeccaville
67727.87,4.99,6.05,2.0,37782.57,3884964.47,Lake Kathleen
58466.13,6.78,9.04,3.08,44099.53,4109185.57,North Jasonville
75804.51,4.13,6.38,2.39,20114.1,3561954.62,New Michelleville
42479.6,4.35,6.98,3.43,32402.2,3215700.85,New Deniseton
56710.54,4.44,7.63,5.53,40889.23,3712526.45,Lake Christinaport
74204.24,6.89,7.18,2.89,32333.62,4252340.23,Port Adamtown
79879.61,7.49,7.28,2.09,38247.21,4580502.46,Lake Christinaport
64294.39,5.16,6.97,4.59,16036.53,3654307.76,East Lucas
74814.95,4.62,8.8,6.38,31680.72,4178621.95,New Deniseton
49972.54,3.79,5.81,5.34,26465.89,3050708.78,Jenniferstad
53227.1,4.67,7.06,2.3,65347.36,3812036.79,Jenniferstad
89783.28,3.98,6.99,3.86,29599.24,4215721.08,Jenniferstad
49609.82,4.86,5.74,4.64,30120.6,3291260.26,Lake Christinaport
87075.47,7.44,6.52,2.92,31226.41,4693453.05,Port Adamtown
68612.68,5.43,6.65,4.15,24527.15,3861335.57,Rebeccaville
72487.76,8.29,7.49,3.5,48665.46,4766391.74,Lake Kathleen
55541.76,5.08,7.37,2.56,36390.43,3707565.4,South Anthony
55810.86,5.27,7.75,3.01,46980.84,3992246.45,Lake Christinaport
55009.92,8.11,7.32,3.44,51803.82,4392650.68,Port Adamtown
71980.51,7.67,7.32,4.08,52475.56,4851979.09,Lake Kathleen
63093.77,5.95,8.05,3.29,56277.1,4437646.43,Rebeccaville
52651.31,5.96,5.09,4.65,37841.6,3547554.25,New Deniseton
65323.1,5.43,7.39,5.68,32399.76,3841523.79,North Jasonville
72375.27,6.35,4.87,2.62,19106.22,3572357.93,North Jasonville
56447.33,5.89,7.64,5.72,52471.51,4193818.43,Lake Kathleen
68085.63,6.16,6.26,4.05,27702.79,3789597.99,Port Adamtown
75249.64,5.05,7.37,4.7,30479.3,4126733.59,South Anthony
44721.1,6.82,5.74,4.36,39820.15,3497608.51,Lake Kathleen
68584.75,6.63,8.4,4.97,49581.89,4663872.08,New Deniseton
84595.51,5.31,6.59,4.51,49402.77,4498550.72,North Jasonville
68376.35,4.56,7.21,3.34,42383.58,4045137.26,Port Adamtown
66466.17,6.54,7.07,3.5,33367.44,4048117.1,New Deniseton
65942.31,6.73,6.07,3.9,25752.82,3849135.34,Lake Kathleen
56325.28,6.92,7.76,4.37,41064.09,4174120.09,Port Adamtown
67154.16,6.84,5.51,2.5,26030.83,3765771.16,South Anthony
85078.8,6.2,6.23,3.07,40314.19,4354736.79,New Deniseton
69545.98,4.89,7.32,6.05,32781.29,3721343.63,New Deniseton
74792.93,6.11,6.53,2.73,30241.49,3950444.66,South Anthony
63814.78,3.58,4.5,3.43,28725.12,3112799.64,Port Adamtown
60189.72,6.45,6.79,4.87,35967.19,3887924.05,Rebeccaville
73463.14,6.67,5.96,2.8,24788.47,3898789.72,New Michelleville
58269.54,5.58,9.98,4.62,32413.55,4039607.95,North Jasonville
55390.67,5.46,5.11,3.78,40630.96,3585522.51,East Lucas
62774.38,5.95,7.61,2.0,23814.2,3799297.0,North Jasonville
45522.26,6.32,6.58,4.3,51002.16,3935162.71,Lake Christinaport
61607.92,6.08,6.27,5.55,41644.02,3795088.35,North Jasonville
64170.92,4.69,8.77,2.0,25810.08,3859267.83,Lake Christinaport
77118.72,6.35,8.71,4.68,41210.36,4409627.64,Lake Kathleen
89522.76,6.48,7.32,5.34,47226.08,4647730.92,Rebeccaville
67114.61,5.35,8.79,5.06,35670.21,4100963.27,Lake Kathleen
57196.7,6.26,6.32,2.8,28035.24,3720828.35,North Jasonville
67541.33,6.35,8.29,5.72,30279.53,4209890.22,New Michelleville
70565.86,5.73,5.47,3.87,51971.36,4151134.61,Lake Christinaport
70120.94,7.03,7.23,4.93,26297.32,4164458.98,South Anthony
85970.3,7.82,6.53,3.81,48704.07,4919958.9,Port Adamtown
77953.37,5.84,7.65,3.37,37041.02,4345270.79,East Lucas
76959.27,5.9,7.63,2.6,34375.01,4365780.37,Port Adamtown
69241.87,5.99,7.75,4.66,44317.93,4271081.55,New Michelleville
76721.47,7.24,7.37,3.72,48044.08,4547164.67,South Anthony
59554.92,7.21,7.46,2.96,45738.2,4193539.48,New Deniseton
69453.04,5.14,7.59,3.36,42814.35,4134882.0,North Jasonville
82192.32,4.76,6.89,3.93,39380.59,4256791.71,East Lucas
88419.0,5.33,6.82,3.16,27055.41,4344319.02,North Jasonville
67551.19,4.33,4.76,3.94,36624.91,3558169.57,South Anthony
77189.82,4.88,6.98,2.0,27936.84,4221502.56,Port Adamtown
51648.13,6.33,7.48,3.87,34247.2,3747321.51,Lake Christinaport
64336.52,5.91,6.52,2.93,36494.33,3887077.63,South Anthony
79668.37,5.9,6.88,5.67,42969.0,4429445.61,East Lucas
100572.17,7.39,6.82,2.67,47097.22,5106974.67,Lake Christinaport
66522.15,5.09,6.49,2.0,49241.75,3899526.33,Lake Christinaport
83594.06,6.39,6.84,3.22,26668.54,4220361.43,Rebeccaville
64963.68,5.67,5.72,5.03,18870.19,3469992.49,Port Adamtown
65916.81,6.76,6.53,4.26,53504.62,4350869.41,South Anthony
73456.29,6.76,7.53,5.54,31687.73,4319623.77,South Anthony
76155.99,5.02,7.12,4.28,28740.89,3950294.1,East Lucas
61696.54,7.19,7.6,4.37,45189.93,4287872.87,Port Adamtown
73364.9,6.73,7.18,5.31,44651.8,4521088.74,South Anthony
76324.72,4.33,8.82,3.99,20708.35,3807298.25,Port Adamtown
68511.84,4.08,6.61,4.52,33696.56,3829218.51,New Michelleville
44402.89,5.98,7.8,4.33,45958.27,3721438.71,North Jasonville
64656.99,5.93,6.66,3.73,36088.08,3879222.91,New Deniseton
72796.61,6.02,5.73,6.27,30947.32,3927879.63,East Lucas
61638.79,5.37,5.55,3.42,47062.49,3828819.58,New Michelleville
93496.73,4.89,7.24,4.73,36508.52,4455884.13,Port Adamtown
68995.73,4.93,6.23,3.41,35268.63,3992197.97,Port Adamtown
74794.03,5.51,7.39,4.54,55718.05,4482646.39,Port Adamtown
84497.92,5.76,8.76,2.0,33992.69,4555375.96,New Michelleville
48045.86,6.89,5.17,3.84,43495.55,3710015.1,East Lucas
77553.83,7.13,6.92,2.82,20379.4,4104310.17,South Anthony
40322.55,6.43,6.62,5.78,14037.48,3239538.13,New Deniseton
78929.17,6.11,5.49,2.46,34312.19,4140245.81,Lake Christinaport
70452.07,6.92,6.6,4.65,35969.42,4161470.75,Lake Christinaport
60742.05,5.46,6.39,5.28,27797.98,3620407.94,North Jasonville
73475.62,4.62,6.01,3.77,35546.3,3775716.43,South Anthony
90123.83,5.08,7.09,4.23,27895.45,4267288.77,New Michelleville
76486.52,7.45,6.17,4.55,43082.32,4597874.16,South Anthony
93589.45,5.94,5.26,5.57,36582.44,4294643.29,North Jasonville
79130.72,5.02,6.76,3.22,24805.72,3909788.67,East Lucas
61084.73,5.4,5.96,3.61,28293.16,3558751.26,Rebeccaville
76185.46,5.66,7.34,5.84,27704.61,4003316.67,Jenniferstad
87338.78,5.59,5.38,3.89,31975.93,4275531.07,New Michelleville
59658.34,3.31,7.11,2.0,33332.99,3334755.98,South Anthony
89399.73,5.91,6.7,3.76,27050.05,4294403.33,Jenniferstad
64985.02,5.3,6.9,3.33,21379.82,3769678.46,Lake Christinaport
78044.06,7.76,5.31,5.32,29945.1,4249862.37,North Jasonville
73255.05,7.02,7.6,2.0,37249.29,4747489.06,Lake Christinaport
61411.48,7.27,6.64,4.38,28748.52,4031616.44,Jenniferstad
54022.53,6.09,8.59,3.95,36608.03,3914586.61,Lake Christinaport
70180.61,4.87,6.69,5.24,65091.45,4473930.05,South Anthony
62517.34,4.75,8.38,4.34,32206.05,3859086.71,Lake Kathleen
60997.62,3.35,6.47,3.86,46327.32,3640632.67,Port Adamtown
72992.37,7.5,9.18,3.72,43153.08,4850241.76,East Lucas
77620.27,5.42,5.17,3.05,36300.29,4012930.2,Port Adamtown
57365.24,5.44,8.15,2.96,38546.01,3950551.19,South Anthony
63660.02,6.91,4.51,3.94,46386.58,4061323.09,Jenniferstad
71568.21,6.65,7.53,5.52,39560.65,4373454.27,South Anthony
84330.91,3.97,8.19,3.75,32340.25,4149710.46,South Anthony
60138.95,6.67,5.88,6.23,29221.65,3838069.13,Lake Christinaport
58387.94,6.3,7.28,3.63,44644.31,3984530.06,South Anthony
76457.41,6.84,7.86,2.89,42378.61,4364612.3,South Anthony
71709.28,6.71,8.33,3.04,35635.05,4587681.23,South Anthony
64894.74,5.81,7.19,6.94,41205.15,3992589.47,North Jasonville
60503.55,7.45,7.44,3.66,39274.03,4275348.81,East Lucas
89057.24,7.25,6.35,4.74,33756.31,4434018.38,North Jasonville
69390.62,6.68,7.32,2.99,32087.48,4168385.68,Jenniferstad
87408.09,7.41,8.05,5.44,38377.81,4924096.86,Rebeccaville
69480.62,5.39,6.09,4.07,45603.2,4019147.35,South Anthony
70629.11,4.29,7.37,4.08,49308.97,4010758.16,Lake Christinaport
95345.72,6.27,6.45,4.99,27624.2,4442650.78,New Michelleville
83400.48,7.27,7.82,5.36,36681.43,4819231.49,Lake Christinaport
65692.79,5.92,7.42,5.93,47386.1,4244950.8,New Deniseton
53158.2,4.88,7.43,4.54,43050.02,3635370.48,East Lucas
70970.33,6.18,8.23,3.2,39955.01,4499067.0,Rebeccaville
59945.02,5.4,7.65,2.35,43472.42,4021796.82,New Deniseton
67262.93,4.94,7.21,4.16,39393.18,3733062.14,North Jasonville
59962.2,5.82,6.08,6.03,23712.69,3662727.47,Lake Kathleen
77158.66,5.92,5.99,4.85,31949.4,4171626.95,South Anthony
80395.4,7.72,7.07,4.31,30590.78,4604033.65,Rebeccaville
74735.03,5.19,7.27,3.89,35853.96,3983927.39,Jenniferstad
96272.71,4.66,7.32,3.86,31329.16,4453535.31,Port Adamtown
76143.71,5.69,8.51,3.97,8268.07,4012786.31,Jenniferstad
66656.98,5.16,6.47,4.48,26632.02,3715308.56,Lake Kathleen
63591.29,6.13,7.65,5.11,41899.38,4084445.18,Port Adamtown
77939.47,6.68,8.57,2.0,34345.93,4621558.04,North Jasonville
67501.15,7.55,7.04,3.42,34433.88,4388682.69,North Jasonville
58383.97,7.44,7.45,4.57,34262.52,4159309.22,North Jasonville
61250.78,7.17,5.71,4.79,45913.58,3984124.92,Port Adamtown
69262.71,4.94,6.4,3.99,53222.25,3995139.44,Jenniferstad
66664.63,6.47,6.04,4.27,32522.36,4021099.88,North Jasonville
68962.38,5.35,6.73,3.29,41427.79,4088294.68,South Anthony
76388.65,6.81,7.26,3.76,34526.42,4183204.19,Lake Kathleen
61143.98,7.11,7.33,5.48,21987.1,3864703.72,Port Adamtown
73630.65,6.36,7.44,4.98,37039.44,4252154.6,Lake Christinaport
78040.2,8.13,7.35,4.21,47053.13,4833348.05,New Michelleville
81124.05,6.63,7.98,4.33,41440.51,4744708.87,New Michelleville
48447.71,6.07,7.24,3.98,53220.56,4066175.54,Port Adamtown
57003.39,7.31,7.04,3.3,46238.02,4174242.72,Port Adamtown
72665.98,6.06,8.0,3.49,43159.29,4496925.03,Lake Christinaport
88349.62,6.2,6.49,4.56,50491.68,4592643.55,Lake Kathleen
59873.85,5.34,6.73,4.05,34342.65,3663801.29,South Anthony
81348.72,6.3,6.64,3.02,43324.49,4531237.48,North Jasonville
63306.97,5.35,6.59,6.12,26121.67,3594205.83,New Michelleville
44618.21,4.79,7.62,4.09,34699.79,3439982.28,Lake Kathleen
68144.86,6.89,6.76,4.68,20582.82,3956519.17,Lake Christinaport
71991.55,6.43,8.87,5.42,51295.06,4732364.07,Jenniferstad
73144.52,5.55,7.33,3.42,27762.04,4141537.46,Lake Christinaport
69890.33,7.43,5.89,2.0,53468.94,4499512.66,Lake Christinaport
65399.16,6.02,6.22,3.44,32701.71,3706248.04,New Deniseton
65480.31,6.91,7.76,4.2,36647.07,4015604.59,Jenniferstad
80467.53,5.87,9.35,3.4,36889.76,4532711.07,Lake Kathleen
54961.15,7.08,6.84,4.86,40957.0,4076345.54,Port Adamtown
43431.23,3.91,7.51,4.9,29077.28,2943557.81,Lake Kathleen
64386.53,4.43,8.68,4.68,50376.88,4200536.27,Jenniferstad
66151.08,4.65,7.47,4.3,38001.59,3799258.87,Port Adamtown
72409.63,6.95,6.14,6.0,46074.21,4286849.21,Port Adamtown
62735.33,4.84,7.15,3.81,39861.94,3862572.11,Lake Christinaport
76894.53,6.28,7.69,3.06,37883.95,4511927.38,East Lucas
53101.77,4.99,7.18,2.32,45468.74,3699957.22,Jenniferstad
75361.22,6.85,7.64,2.51,30601.65,4426130.84,South Anthony
63556.27,5.89,8.03,4.56,43189.2,4114850.2,North Jasonville
78755.82,7.06,5.49,3.26,36976.2,4368168.63,North Jasonville
61868.09,8.0,6.74,5.3,40645.69,4220683.54,Lake Kathleen
59007.92,8.26,8.01,5.72,13208.16,4199772.8,East Lucas
69796.04,7.03,7.21,7.0,41522.19,4419636.26,Lake Kathleen
60295.97,5.44,8.73,4.58,45775.56,4166790.24,Lake Kathleen
76028.54,5.99,8.59,4.54,38030.38,4670643.84,South Anthony
79821.77,6.91,7.52,2.98,35317.02,4292210.84,New Deniseton
63405.12,5.79,6.23,3.41,45697.2,3869218.04,East Lucas
87199.4,5.71,9.3,3.84,56189.77,4982163.85,Jenniferstad
50639.13,6.25,7.28,3.95,34772.75,3608093.11,North Jasonville
59254.18,5.97,7.57,2.9,30336.11,3728550.61,South Anthony
72232.63,7.33,6.82,2.84,29920.6,4194425.88,New Deniseton
41226.35,3.97,6.73,4.13,50712.51,3230838.51,North Jasonville
54624.31,7.21,7.04,5.81,51447.1,4198718.0,Port Adamtown
63734.7,5.38,6.51,4.32,48650.82,4159072.92,Port Adamtown
72077.43,7.65,8.9,4.0,51623.55,4836575.95,North Jasonville
79094.32,6.86,4.66,2.65,35999.46,4040504.48,Lake Kathleen
65045.02,4.81,5.4,2.06,27073.77,3457823.22,South Anthony
65391.49,5.68,6.63,5.18,33984.18,3861240.99,Lake Kathleen
74815.68,7.29,4.74,2.15,35720.18,4136100.69,South Anthony
54135.5,7.11,5.73,2.61,37869.19,3619354.19,South Anthony
63493.55,5.88,7.27,4.51,25829.06,3708592.26,Lake Christinaport
75058.42,5.33,6.58,5.1,55098.23,4281744.67,Port Adamtown
67801.27,6.26,7.47,4.59,37962.45,4123824.8,Lake Kathleen
93227.76,6.62,5.9,3.04,23956.1,4447567.69,Jenniferstad
57981.84,4.09,6.83,2.86,32847.85,3550915.82,Port Adamtown
53648.17,7.22,7.66,3.46,20304.66,3859110.49,Lake Christinaport
72814.48,4.99,6.35,4.25,40834.73,3978884.0,New Michelleville
54362.53,6.32,6.03,3.85,20998.89,3560291.71,Lake Christinaport
71884.6,6.09,8.24,6.29,36575.42,4151080.54,New Michelleville
56773.6,6.92,7.57,3.63,30837.69,4078499.3,Rebeccaville
69787.17,4.21,7.3,5.81,19810.35,3585184.42,North Jasonville
75761.31,7.24,8.36,4.86,48395.49,4603012.2,North Jasonville
67042.76,5.74,7.33,4.63,69464.39,4606443.5,New Deniseton
72025.38,6.22,8.03,5.7,31427.16,4178639.65,Port Adamtown
53439.03,6.25,7.47,3.84,45318.15,3970034.63,New Michelleville
80093.83,4.82,6.45,3.26,38761.62,3918003.72,Port Adamtown
92235.34,5.85,5.89,3.26,39341.1,4402736.72,South Anthony
78402.71,5.62,7.4,3.44,50898.59,4442958.18,New Michelleville
88324.78,5.19,7.63,4.14,32814.48,4463359.01,New Michelleville
67806.11,7.4,5.92,4.84,23880.65,3908716.84,South Anthony
73675.6,6.44,5.27,2.86,26198.28,3864714.99,Port Adamtown
82582.26,7.98,6.8,3.84,30147.84,4476105.59,South Anthony
57233.07,5.65,7.04,5.85,23587.5,3594608.77,Rebeccaville
64739.31,6.3,7.0,3.36,20772.01,3852353.26,Lake Christinaport
62590.4,6.58,6.46,4.11,20937.75,3732601.27,New Michelleville
74282.7,4.63,7.33,2.45,37816.46,4027544.83,South Anthony
70977.12,6.34,8.05,6.42,32507.08,4268856.48,Rebeccaville
58488.17,5.48,7.0,2.44,37419.75,3748716.51,New Deniseton
65391.08,4.08,6.63,3.11,32077.42,3560191.85,Lake Christinaport
65213.99,6.14,6.02,5.23,52478.55,4118188.64,North Jasonville
76487.27,5.82,7.02,2.0,18653.17,3929416.84,Lake Kathleen
77069.35,7.39,6.3,2.51,21208.37,4042906.55,New Michelleville
55380.28,4.55,8.02,5.47,40742.54,3559159.5,Lake Kathleen
63135.39,6.34,7.12,2.0,31920.4,3865182.88,Lake Kathleen
56644.79,5.09,7.19,5.01,39596.05,3684624.93,Rebeccaville
77906.1,5.62,7.73,2.79,60859.37,4704086.64,Lake Christinaport
90257.48,6.21,6.63,2.1,37382.62,4420133.32,Lake Kathleen
58304.9,6.65,9.0,4.21,21368.91,3934308.49,Port Adamtown
65424.28,7.17,8.44,2.0,26413.69,4220086.32,Rebeccaville
69310.13,7.15,7.33,3.38,39055.97,4309493.42,Jenniferstad
54514.61,5.18,8.25,3.93,17686.18,3619053.0,South Anthony
83753.42,6.24,6.97,3.05,29801.79,4303940.2,Port Adamtown
62672.38,4.17,7.73,4.92,35249.68,3663121.79,Jenniferstad
77063.05,7.13,6.55,3.44,30561.73,4266994.38,New Michelleville
76463.09,5.4,8.78,6.27,28681.62,4180165.17,East Lucas
60421.91,5.64,5.76,2.0,25817.7,3535425.85,Lake Christinaport
86292.21,5.46,7.5,2.0,39714.82,4350437.22,New Deniseton
74728.18,6.32,7.56,2.03,54703.01,4683725.47,Rebeccaville
79351.83,4.72,7.4,4.29,30232.4,4016245.05,New Michelleville
53892.68,6.48,6.56,4.41,33549.04,3782350.56,Lake Kathleen
69533.1,5.14,8.41,4.28,27235.57,4058392.13,East Lucas
55112.83,5.3,8.01,2.42,36775.81,3637011.32,Lake Christinaport
95847.63,5.81,6.98,5.62,43299.74,4733054.2,South Anthony
70104.64,6.03,6.21,3.66,41613.64,4196885.42,Jenniferstad
61101.28,5.15,7.16,6.19,33824.66,3812578.16,New Michelleville
49830.98,5.09,10.32,2.67,45415.76,4087196.16,New Michelleville
90856.1,5.33,5.77,2.73,38129.86,4269765.49,New Michelleville
81893.54,7.02,8.28,5.49,36533.8,4721951.9,Port Adamtown
54849.52,5.13,7.28,3.55,39768.04,3844170.7,South Anthony
70631.25,6.06,7.9,4.18,32932.47,4132336.75,South Anthony
62140.75,7.04,6.85,4.99,28652.34,3934713.73,Lake Christinaport
82322.16,5.5,6.34,5.37,35481.16,4381209.39,Rebeccaville
70990.19,5.64,5.97,3.78,36093.6,3814151.23,North Jasonville
48944.23,6.38,6.26,4.87,50561.67,3874346.78,Lake Kathleen
74880.31,5.03,7.1,3.14,33173.48,4053612.4,East Lucas
82212.22,5.7,6.98,2.0,35685.73,4231109.99,South Anthony
72119.82,7.39,6.33,4.25,31135.91,4216242.33,Jenniferstad
82730.12,5.31,6.43,3.07,37409.05,4130871.77,South Anthony
50533.75,5.83,6.35,4.45,49255.06,3989754.69,Lake Christinaport
78888.93,5.3,6.55,4.25,48268.45,4441828.42,Port Adamtown
49367.13,5.81,5.47,2.54,31644.28,3404776.75,Lake Kathleen
76649.55,4.76,7.01,3.58,35529.87,4013128.32,South Anthony
57258.64,7.32,5.8,4.87,41682.12,4093878.69,Lake Christinaport
61771.55,6.93,6.87,7.0,30385.43,3979196.67,Jenniferstad
66718.63,5.71,7.95,2.16,27848.7,3896850.26,Lake Christinaport
90756.06,5.17,7.53,3.3,46890.05,4907523.33,New Michelleville
76595.52,6.9,7.98,3.29,22093.38,4308360.03,New Michelleville
82313.08,4.69,6.29,7.0,29304.31,3974791.73,New Michelleville
66885.52,5.14,6.65,4.47,20607.08,3725820.83,North Jasonville
54674.33,6.77,7.27,3.13,43791.77,4081297.14,East Lucas
57051.2,4.99,7.45,3.51,43438.57,3880109.43,New Michelleville
49645.65,7.38,5.81,3.91,35813.9,3724658.26,South Anthony
83892.39,4.89,7.27,6.63,25865.13,4110961.43,New Michelleville
64728.05,5.17,7.53,4.53,33120.23,3686048.67,Port Adamtown
81100.81,4.27,7.26,3.65,29133.49,4029594.26,Jenniferstad
55890.43,4.87,8.05,3.64,39725.89,3837002.32,Port Adamtown
71161.22,5.09,6.86,4.82,15626.27,3667732.69,Lake Christinaport
54030.22,6.55,7.41,3.5,49791.17,4249665.67,Lake Kathleen
72169.8,6.03,8.3,5.64,44127.37,4441320.63,New Deniseton
71215.38,5.02,6.53,2.71,17913.49,3679656.66,New Michelleville
59504.05,4.98,9.39,2.0,24150.72,3929244.67,Rebeccaville
90452.44,6.19,6.67,2.4,43691.14,4634527.23,Lake Kathleen
74626.92,5.52,7.6,3.56,29033.26,4035076.94,East Lucas
75876.97,4.77,7.45,5.0,25857.56,3937882.47,North Jasonville
67777.71,6.16,6.88,3.88,44025.73,4259498.4,New Michelleville
70073.01,5.06,7.81,3.9,44469.26,4174054.8,Lake Kathleen
81901.53,6.82,6.81,4.21,36299.28,4585220.8,North Jasonville
79907.06,6.91,5.71,3.41,38623.59,4218640.58,North Jasonville
67163.58,5.56,7.43,4.9,27085.96,3880448.99,New Deniseton
74085.52,6.67,8.28,4.99,42899.95,4572603.2,New Michelleville
75236.91,5.83,6.67,2.62,32674.51,4026643.11,Lake Christinaport
62832.03,4.45,7.66,4.99,30210.18,3618810.49,North Jasonville
69025.22,4.23,5.46,6.21,27763.37,3468408.64,South Anthony
77037.79,6.98,6.25,3.22,42606.19,4354312.11,East Lucas
67398.09,6.34,8.28,4.31,38221.0,4326047.53,New Deniseton
51549.62,6.04,7.35,4.72,38724.89,3614293.73,Jenniferstad
64916.19,5.5,7.32,4.59,36205.01,4019933.23,Lake Kathleen
77215.15,5.64,5.4,4.27,40246.9,4212384.59,New Deniseton
70062.06,4.13,7.98,4.32,39404.87,3996988.74,Jenniferstad
57203.4,5.13,4.99,4.92,39748.01,3440235.61,New Deniseton
73518.68,6.07,5.6,2.82,30268.56,3728429.73,East Lucas
43338.53,6.43,5.53,5.21,40196.9,3536054.33,Rebeccaville
77690.99,6.77,6.82,3.86,36053.7,4497358.71,North Jasonville
56743.52,5.12,6.87,5.03,46684.04,3682313.36,Rebeccaville
74544.6,6.22,7.22,3.06,42140.98,4281465.13,Rebeccaville
70279.65,6.82,6.56,4.89,20688.37,4028773.18,Lake Kathleen
83538.07,7.42,8.26,5.86,30075.39,4592578.29,East Lucas
67065.18,7.56,7.45,3.17,35278.27,4341681.17,New Deniseton
67887.73,6.4,5.58,6.27,32659.36,3962297.99,Lake Kathleen
76343.21,4.34,6.16,7.0,23510.71,3657274.9,East Lucas
72807.68,5.17,8.71,3.14,26076.61,4261995.18,Lake Kathleen
57940.29,5.2,5.48,3.88,39300.02,3719203.07,North Jasonville
58859.86,10.0,5.53,2.8,48865.27,4665430.36,Jenniferstad
68887.59,6.73,7.51,4.33,15315.0,3805615.7,Lake Kathleen
67435.81,6.55,5.31,2.51,31132.77,3962481.23,Port Adamtown
87422.63,5.23,6.99,6.63,40822.47,4521587.56,North Jasonville
77445.18,6.53,7.16,3.2,28573.38,4294681.97,New Michelleville
71048.58,8.15,6.33,2.5,25630.37,4183941.8,Lake Christinaport
62713.03,7.5,7.76,5.0,36227.71,4196567.17,Rebeccaville
58282.39,4.11,5.27,4.84,44336.71,3527066.03,New Deniseton
69664.48,6.26,6.77,4.35,45413.97,4281405.36,East Lucas
61684.84,5.73,7.13,3.02,34661.11,3806033.23,North Jasonville
67929.18,7.12,7.16,5.07,32777.41,4319964.94,Lake Christinaport
66807.95,6.73,7.38,5.66,31085.02,4113183.17,New Deniseton
69765.06,2.89,7.68,5.18,43674.0,3613271.33,East Lucas
67901.06,5.02,7.78,4.95,40526.17,4180717.37,Lake Kathleen
71845.89,4.58,6.48,6.57,21126.37,3619488.26,Lake Kathleen
69605.16,7.55,6.45,3.7,34346.66,4263899.64,Jenniferstad
69387.99,6.58,6.99,4.32,40104.4,4310243.79,New Michelleville
51102.94,4.66,7.03,3.93,31211.64,3426031.59,East Lucas
66353.73,4.85,8.13,4.18,22712.66,3558908.12,Lake Christinaport
73661.03,6.1,6.01,3.15,46303.01,4199402.2,Lake Christinaport
58972.59,5.64,6.75,4.18,43670.31,3858013.74,Lake Kathleen
60418.07,5.99,6.71,2.0,41921.21,3974174.35,North Jasonville
71014.79,5.85,7.04,2.0,30884.39,3914778.74,North Jasonville
35687.84,6.19,8.57,4.87,45923.72,3748792.1,Rebeccaville
79965.26,5.79,5.97,4.05,33551.15,4207815.42,New Michelleville
65678.14,4.2,7.36,3.47,44149.93,3845981.64,South Anthony
50127.86,5.46,7.91,4.35,40121.78,3798770.27,South Anthony
72222.05,5.0,7.91,3.27,34970.96,4180542.92,Lake Christinaport
67467.74,5.84,7.02,2.81,54845.9,4119986.86,Lake Kathleen
57951.27,6.2,6.31,2.54,32581.0,3730243.34,South Anthony
68577.02,3.87,5.34,3.52,20761.36,3331668.88,New Michelleville
69201.57,4.73,7.0,4.82,42053.28,3730770.79,South Anthony
75099.43,5.15,7.4,3.67,42206.08,4338555.14,Lake Christinaport
75301.39,6.48,6.02,2.12,43957.05,4197288.33,Lake Christinaport
65227.41,6.01,7.29,2.53,19816.0,3741967.4,New Michelleville
55504.69,4.99,7.42,3.91,41772.58,3590048.97,Lake Christinaport
69693.37,5.26,7.16,4.95,46844.59,4159918.08,New Michelleville
75778.27,5.92,6.35,2.89,19651.21,3860975.87,Lake Christinaport
74015.66,5.94,8.29,5.24,172.0,3846001.17,Lake Kathleen
78151.11,5.58,5.22,2.82,40479.23,4143532.34,Port Adamtown
78223.58,4.81,7.79,3.79,24801.01,3872652.76,Rebeccaville
76838.19,5.43,6.99,3.6,36867.69,4008978.34,Rebeccaville
54160.37,5.68,6.03,3.98,43546.17,3697496.03,New Michelleville
59091.27,5.45,7.25,3.11,35623.83,3996387.32,Rebeccaville
69568.13,8.16,5.77,3.7,48748.54,4619475.0,Port Adamtown
53928.77,6.52,6.97,2.68,45237.94,3994797.7,East Lucas
87327.19,6.08,5.45,5.57,26859.16,4115138.92,Lake Christinaport
64333.35,5.68,7.84,3.57,26351.46,3931859.47,Rebeccaville
60860.85,8.4,4.65,4.45,24359.53,3810488.5,Lake Christinaport
62641.09,6.23,5.98,3.27,26238.59,3737086.98,East Lucas
60372.66,7.21,7.35,4.7,59862.2,4643949.38,East Lucas
63210.56,5.91,6.75,3.62,38785.96,4015732.45,South Anthony
60828.0,6.46,7.31,4.29,38072.66,4113720.48,Jenniferstad
47970.01,8.1,6.32,4.49,31162.66,3669592.66,Lake Kathleen
58667.09,6.07,5.38,3.14,32745.89,3537030.35,East Lucas
95206.65,6.6,7.24,2.95,39224.9,4727640.12,Port Adamtown
69085.17,5.72,8.07,3.4,38098.9,4314587.88,Rebeccaville
94060.53,6.16,7.46,3.11,23420.13,4456749.21,North Jasonville
61133.59,7.16,7.42,2.93,44624.38,4286902.02,Lake Kathleen
52089.48,6.34,7.59,6.61,31827.86,3721921.74,Jenniferstad
61564.92,6.74,6.25,3.61,42269.74,4182627.16,South Anthony
88399.33,5.33,6.41,3.24,38399.79,4358641.78,Lake Kathleen
79361.67,5.66,9.39,5.31,26949.36,4361393.87,New Michelleville
52846.52,4.37,7.06,3.31,49082.92,3766581.17,Lake Christinaport
75965.47,5.35,6.32,4.8,32535.68,4002253.55,South Anthony
74238.42,5.7,7.72,3.91,24197.95,4007065.18,Lake Christinaport
78730.41,6.09,7.52,2.0,17595.31,4105591.86,New Michelleville
74888.75,4.8,7.64,2.52,34349.29,4041748.95,New Michelleville
74485.03,3.85,8.1,4.94,18534.05,3758112.78,Rebeccaville
63089.13,4.89,6.08,3.9,29287.19,3625974.2,Port Adamtown
66251.89,5.24,6.09,3.71,31099.76,3776227.87,South Anthony
51271.29,6.94,7.51,3.08,46960.73,3999773.97,East Lucas
62494.74,4.72,6.46,3.95,38109.52,3683459.1,Lake Kathleen
66553.47,7.03,6.47,5.66,41096.47,4320384.72,North Jasonville
80651.66,7.35,7.38,5.41,49080.61,4761428.3,South Anthony
70849.12,5.73,5.6,3.67,50047.51,4242981.33,South Anthony
75401.8,4.85,6.08,3.86,52856.47,4176224.97,North Jasonville
76305.43,4.45,5.02,5.87,34389.22,3655974.51,East Lucas
59440.89,6.97,6.8,5.29,39357.51,4089954.21,Rebeccaville
60279.25,6.82,6.71,5.64,26433.88,3743333.16,South Anthony
47809.33,6.47,6.99,4.09,47848.42,3977426.18,North Jasonville
72901.78,4.65,7.39,3.61,27108.08,3761860.64,Lake Kathleen
69732.03,5.79,7.25,3.81,54556.03,4343154.18,Jenniferstad
65283.23,6.15,6.74,3.97,42914.76,4377885.6,New Deniseton
65425.84,5.22,6.27,2.96,24114.45,3582897.57,Jenniferstad
60969.98,6.58,8.06,3.53,23617.08,3993774.64,East Lucas
69587.13,6.25,7.86,3.04,34394.85,4287531.35,Lake Kathleen
69860.53,6.52,6.39,4.07,34817.33,3932809.84,New Deniseton
64914.1,6.16,8.23,6.21,42750.29,4400377.25,East Lucas
66442.21,5.62,4.2,3.94,32813.73,3513384.65,New Michelleville
66277.78,5.78,5.66,2.66,18328.13,3374049.2,New Deniseton
51376.66,6.6,5.7,5.24,29553.51,3467129.09,Lake Christinaport
84603.36,8.02,6.58,4.06,34209.45,4747703.51,Rebeccaville
76591.03,5.72,8.17,4.31,34984.88,4253339.83,New Michelleville
84789.07,5.97,6.34,3.69,40640.91,4471001.29,East Lucas
53541.55,6.16,5.07,4.6,38039.27,3531670.44,South Anthony
71362.6,6.57,7.03,2.43,4776.43,3749385.09,Lake Kathleen
70841.62,7.63,6.8,3.31,33831.31,4432971.15,South Anthony
59195.18,7.19,5.87,3.29,21144.39,3691317.0,New Michelleville
76928.25,7.47,5.92,3.73,42584.9,4595833.35,New Michelleville
64577.38,7.08,7.17,5.84,48242.38,4394971.58,East Lucas
57958.49,5.37,7.44,5.15,23863.46,3593241.39,New Michelleville
64014.58,6.92,6.52,4.43,45062.1,4204454.47,New Deniseton
55571.78,5.69,8.02,3.43,28478.36,3718284.96,New Michelleville
65594.31,4.92,6.84,4.73,25843.23,3737293.62,Port Adamtown
61476.73,3.95,8.71,4.6,35155.31,3941535.44,New Michelleville
59774.94,3.98,5.83,3.04,36148.02,3432369.57,New Deniseton
69024.18,4.51,6.12,2.51,42783.76,3682001.93,Lake Christinaport
81582.94,5.03,7.03,2.0,38465.68,4233602.38,Port Adamtown
81038.0,5.86,6.56,3.38,30365.7,4261383.69,Jenniferstad
72452.55,7.16,6.97,5.87,52091.01,4448232.3,South Anthony
83703.54,6.93,7.4,2.0,31468.39,4552857.63,Rebeccaville
55348.99,5.66,6.74,2.09,32899.39,3596420.75,East Lucas
67409.71,6.55,7.14,4.26,24984.75,4048575.65,East Lucas
72096.17,6.12,8.56,4.34,31112.73,4249374.76,Lake Christinaport
69811.75,6.49,5.34,5.33,34411.83,3854545.15,Rebeccaville
89756.25,5.89,7.85,2.53,49545.36,4919361.63,Port Adamtown
44872.82,8.22,6.7,2.1,32321.68,3645142.8,New Michelleville
59075.65,6.29,8.26,2.66,40115.72,4215932.05,South Anthony
89010.57,7.18,6.91,2.52,39487.99,4698658.55,Lake Kathleen
68775.8,6.42,7.07,2.92,47346.05,4492880.19,Jenniferstad
64779.34,7.32,8.33,3.4,21026.79,4262134.71,Lake Kathleen
63941.43,6.71,8.15,5.0,44826.53,4565840.52,Jenniferstad
79821.17,6.16,9.09,2.15,38000.32,4711176.0,North Jasonville
82472.7,7.05,7.14,4.19,30980.72,4406950.09,South Anthony
75219.67,6.45,8.24,5.23,30643.54,4400685.41,New Michelleville
65178.09,6.02,8.29,4.24,37062.48,4133716.69,Lake Kathleen
67081.15,6.8,8.3,5.65,24441.64,4273891.8,New Deniseton
62515.51,6.22,6.92,4.69,32604.04,3972436.13,Lake Christinaport
60905.54,6.9,7.23,2.29,38911.98,4125024.18,Lake Christinaport
69840.06,7.6,7.89,3.53,11980.36,3994769.55,Port Adamtown
75021.6,5.62,7.09,6.18,39655.07,4164447.42,New Michelleville
80776.21,4.34,6.38,2.45,38390.29,4058963.74,New Deniseton
78670.6,6.23,6.72,3.38,32385.05,4276425.35,Rebeccaville
71702.54,5.17,7.29,4.81,36555.62,3860773.19,East Lucas
57931.14,7.24,6.57,5.27,37115.31,3875733.72,Rebeccaville
65676.67,6.52,6.7,2.68,35434.84,3928246.18,New Deniseton
59136.08,5.12,8.43,4.92,28887.71,3669936.65,North Jasonville
71018.88,4.83,5.84,4.77,41213.04,3676158.14,Lake Kathleen
52674.95,6.21,7.7,5.21,28874.37,3629588.2,South Anthony
74217.13,5.19,7.53,5.73,39554.73,4258795.27,Lake Christinaport
61856.83,6.03,5.82,4.46,32490.9,3666561.45,Rebeccaville
52500.68,4.71,7.96,5.03,24265.99,3537175.33,South Anthony
85393.79,7.97,6.02,2.75,38345.38,4695986.78,Rebeccaville
78196.37,6.46,7.93,5.91,34337.8,4407686.7,Jenniferstad
70180.48,6.66,6.36,2.88,45987.88,4225199.15,Rebeccaville
73839.91,7.54,7.13,2.95,30609.55,4417339.56,Port Adamtown
73992.67,5.56,7.56,2.32,33929.48,4105471.18,Jenniferstad
59214.74,8.34,7.06,3.61,38785.04,4386868.09,Lake Kathleen
77875.27,6.8,6.84,3.77,36908.74,4395376.62,Rebeccaville
51432.03,5.68,6.84,3.72,41114.49,3700122.6,South Anthony
54720.45,5.38,9.02,2.87,26069.14,3772635.85,Port Adamtown
79794.84,6.92,7.01,4.03,26854.11,4309307.92,Lake Christinaport
85193.79,5.96,8.18,3.22,47371.88,4511254.34,Lake Christinaport
58440.84,6.3,7.62,2.07,44053.46,4173048.31,East Lucas
60715.09,4.69,6.61,4.24,29238.81,3605169.79,Jenniferstad
76613.95,7.45,7.04,3.13,28529.88,4476289.2,South Anthony
71132.21,4.71,6.96,4.78,33011.53,3813953.09,North Jasonville
55397.89,4.55,7.07,2.0,38349.28,3630537.12,New Michelleville
90514.06,5.86,6.98,5.0,46780.96,4750095.23,East Lucas
68178.95,5.81,7.82,5.79,42600.87,4456249.94,New Deniseton
93851.94,6.49,6.81,4.68,30887.37,4630754.82,East Lucas
72090.51,6.41,7.09,3.57,23357.29,3950123.37,New Deniseton
87852.66,7.48,5.49,4.65,24440.2,4279349.07,Lake Christinaport
62504.81,6.3,7.68,3.39,19598.19,3861640.08,East Lucas
62501.28,6.47,7.24,6.22,50689.1,4180899.7,Lake Kathleen
54513.86,4.94,6.44,3.18,33079.99,3529639.85,Lake Kathleen
79639.44,5.8,6.58,5.64,42127.23,4463920.53,Lake Christinaport
64517.35,6.15,9.83,2.5,45272.04,4349093.39,Lake Kathleen
67954.58,4.51,7.25,4.52,28428.1,3725941.81,North Jasonville
68285.86,5.7,6.66,3.82,21302.59,3737392.64,Rebeccaville
62858.42,3.9,6.28,5.38,44366.82,3442359.62,New Michelleville
60747.78,5.02,6.36,4.76,27869.38,3497800.78,East Lucas
79269.65,3.78,7.75,4.12,27472.35,3900660.02,South Anthony
51651.64,6.68,6.35,4.89,48755.3,4141056.67,Port Adamtown
67139.8,7.88,6.24,5.06,28387.52,3935339.17,East Lucas
85467.21,6.88,8.25,2.87,38971.42,4819152.76,Rebeccaville
56757.69,5.76,8.13,4.25,41367.52,3967957.24,Rebeccaville
53722.7,5.46,4.02,4.2,26053.43,3120231.52,Lake Kathleen
65141.53,5.69,4.41,5.25,30540.51,3541529.4,Lake Christinaport
41257.93,6.12,5.84,3.5,24462.77,2998916.18,Port Adamtown
55575.55,7.15,7.9,5.63,37381.83,4201025.3,Lake Kathleen
63137.17,6.44,7.7,5.71,55004.55,4304362.29,Rebeccaville
46611.81,5.13,7.8,3.56,43938.94,3518154.29,New Deniseton
74512.04,5.84,6.9,4.89,31048.79,4156379.24,New Michelleville
71048.03,6.36,6.65,2.81,27725.37,4059203.66,Jenniferstad
69142.38,4.88,6.67,4.23,55745.14,4000037.56,North Jasonville
62872.24,6.21,6.13,3.76,47729.18,4018432.84,South Anthony
76729.08,6.82,7.19,3.97,37284.08,4332526.45,East Lucas
61696.48,5.24,5.68,5.15,28682.81,3346009.66,Jenniferstad
44801.31,3.93,6.76,3.71,31867.7,2990884.54,Lake Kathleen
66593.19,5.51,9.96,5.43,32596.36,4386896.1,Lake Christinaport
70740.23,5.14,5.74,2.0,34661.13,3790397.92,South Anthony
47221.32,6.42,7.67,3.7,30329.69,3508210.57,East Lucas
66489.71,6.85,6.7,6.41,33213.18,4126665.54,South Anthony
67727.5,6.18,6.02,3.68,43126.29,4101989.23,Rebeccaville
69580.34,5.99,6.71,5.46,40234.04,3921809.21,Rebeccaville
67966.6,4.51,7.64,6.19,32760.33,3804296.34,Lake Kathleen
68468.22,4.95,6.07,4.52,33527.49,3619599.39,South Anthony
86930.04,6.49,7.77,3.45,41336.28,4758459.12,New Michelleville
62175.18,5.03,5.61,4.46,42690.01,3892399.39,South Anthony
64319.82,6.23,5.68,3.62,33595.07,3758706.03,Lake Christinaport
75615.43,7.29,6.99,3.27,28348.49,4355400.41,New Deniseton
78760.5,5.17,6.64,4.21,43552.2,4249299.54,Rebeccaville
69061.85,6.22,6.28,3.24,53214.13,4144252.39,Lake Kathleen
81827.07,5.61,7.05,4.55,35436.4,4138548.56,New Deniseton
73745.98,7.94,6.98,2.0,34739.19,4360516.06,New Deniseton
61005.56,7.68,8.84,4.23,46761.98,4664673.16,Lake Kathleen
78217.27,5.32,7.09,3.4,29943.3,3892908.06,Port Adamtown
75457.76,4.52,7.72,2.3,35261.14,4053116.29,Lake Christinaport
83923.7,8.1,6.13,2.63,48813.28,4889221.37,South Anthony
58513.19,5.17,6.42,2.78,33399.09,3600062.24,Lake Kathleen
78101.76,4.97,5.52,3.95,42966.82,4015898.5,North Jasonville
58755.38,6.57,6.63,3.25,18182.28,3762880.47,Lake Kathleen
61438.08,7.87,6.82,4.77,42044.74,4434415.08,New Deniseton
75279.97,4.3,6.63,4.18,30208.8,3799068.34,North Jasonville
74540.15,6.06,5.47,2.99,44412.38,4356032.8,Jenniferstad
79715.24,5.99,7.5,2.0,32728.42,4297024.69,Rebeccaville
69022.58,5.3,7.33,6.2,40862.88,4007645.67,South Anthony
72308.7,6.21,6.99,2.0,31007.23,4171750.77,Rebeccaville
53480.79,6.44,7.61,2.67,29666.84,3851672.32,North Jasonville
56354.53,5.43,6.57,3.63,26699.32,3442735.33,Jenniferstad
70959.19,6.17,9.23,4.67,32625.35,4403036.49,New Michelleville
76123.49,6.81,6.22,5.84,31673.37,4244891.28,East Lucas
65297.11,4.26,7.12,4.03,32642.85,3836548.54,Jenniferstad
67025.52,6.83,6.16,2.85,38316.71,4021091.8,South Anthony
60732.31,5.77,5.92,3.57,39786.4,3883304.91,New Michelleville
59377.11,5.65,4.97,4.99,36408.19,3699958.66,Lake Christinaport
74282.05,6.02,7.77,4.77,40570.54,4469444.67,Lake Kathleen
71478.49,6.19,7.11,4.39,42900.91,4167114.86,Port Adamtown
72902.64,6.55,8.1,3.27,33573.22,4441237.9,New Michelleville
60122.35,5.62,6.77,4.54,37263.75,3913388.88,North Jasonville
82528.4,4.47,7.19,2.0,19497.35,3902606.35,Rebeccaville
61316.96,7.3,7.56,4.39,19159.88,3670562.77,Rebeccaville
66236.16,4.76,5.82,5.13,49604.91,3856330.02,Jenniferstad
47016.84,5.59,7.78,6.29,38031.24,3669686.63,Jenniferstad
64641.19,4.79,6.28,3.25,27300.13,3613726.82,East Lucas
68964.59,6.5,6.52,4.0,30553.7,4092367.21,East Lucas
65369.54,5.1,7.44,2.0,35479.77,3992484.19,East Lucas
83155.92,7.26,5.81,5.91,6102.13,3921619.52,Jenniferstad
66993.52,5.66,7.64,3.96,40681.92,4085080.96,New Michelleville
37274.5,5.84,7.66,5.62,47438.46,3606577.61,South Anthony
60100.73,5.41,6.07,5.56,32278.64,3480216.91,South Anthony
78655.47,5.07,7.79,2.0,40189.18,4385457.96,Lake Kathleen
70211.44,7.46,7.35,4.18,30401.62,4314961.0,New Michelleville
78907.19,6.16,7.33,2.0,38836.37,4390730.94,New Deniseton
75388.37,5.45,7.67,4.52,32006.24,4126255.26,Rebeccaville
67290.39,6.18,6.07,2.0,33779.2,4027287.41,New Deniseton
75141.79,4.04,6.18,3.06,32550.4,3610172.54,Lake Kathleen
73085.68,7.05,6.22,5.15,31589.85,4135664.58,Lake Christinaport
65281.95,5.02,8.0,3.12,23550.61,3766448.61,New Michelleville
58521.54,5.16,6.0,5.24,35200.86,3763520.14,East Lucas
66780.66,6.39,6.88,2.34,51224.98,4341638.81,Jenniferstad
74823.02,5.73,7.03,4.78,39066.95,4128870.68,South Anthony
74212.89,6.97,6.25,4.14,40173.39,4438624.48,Jenniferstad
86963.35,5.94,6.85,5.07,42560.69,4474202.92,Lake Christinaport
69137.03,6.75,7.38,4.36,34999.73,4276412.2,Lake Kathleen
85094.51,7.15,5.86,5.16,33644.34,4456782.8,Rebeccaville
89554.04,5.39,8.52,3.46,39970.62,4645077.44,Lake Kathleen
78411.62,6.38,6.89,4.16,29176.76,4175692.03,South Anthony
66545.5,6.22,5.99,5.59,29061.65,3673510.49,Rebeccaville
64572.45,5.57,8.5,2.34,18386.13,3777618.64,South Anthony
67123.32,5.91,6.8,5.31,55208.69,4310347.46,East Lucas
78749.43,6.87,5.15,4.12,37622.76,4172192.53,New Deniseton
71266.62,4.69,6.35,4.79,30443.43,3779497.02,New Deniseton
84157.62,6.16,6.81,3.03,42444.17,4396674.86,Lake Kathleen
69366.87,5.57,7.59,2.86,51191.76,4474578.01,Port Adamtown
71779.97,5.6,6.77,3.42,52139.43,4283974.76,East Lucas
68505.75,5.7,8.87,4.07,38727.36,4199501.47,Lake Kathleen
74277.46,5.85,7.12,2.0,35409.28,4359792.03,New Deniseton
80494.5,5.76,8.3,3.17,33428.78,4422136.59,Rebeccaville
47524.18,6.46,8.1,2.79,40516.19,3944110.67,Lake Christinaport
70357.58,4.34,7.09,3.66,46820.59,3936407.63,South Anthony
59652.54,6.94,8.61,3.81,27674.31,4030818.2,South Anthony
59884.59,5.55,8.1,2.2,36427.2,4036633.66,New Deniseton
90043.85,4.96,8.67,3.92,40585.61,4640582.86,Jenniferstad
72787.6,7.13,7.07,3.58,35984.78,4580674.62,Lake Christinaport
53180.28,6.44,6.98,3.38,26565.96,3712546.31,East Lucas
59258.55,5.45,8.48,3.03,42349.77,4106064.16,New Michelleville
73762.28,5.99,7.61,4.02,39003.2,4345938.42,Port Adamtown
68227.1,7.16,6.7,4.24,45927.9,4246574.04,New Michelleville
73153.07,6.85,7.9,2.72,37271.93,4521041.42,New Michelleville
68199.11,4.83,5.67,2.43,43504.67,3771885.09,Jenniferstad
68471.09,6.03,4.99,3.34,46634.74,4090193.14,Port Adamtown
64054.84,5.98,4.57,5.38,42935.32,3713509.39,Rebeccaville
60310.49,5.65,6.79,4.39,43416.02,3862545.37,New Michelleville
69310.37,6.91,6.38,4.65,42195.62,4155705.7,East Lucas
79318.43,5.96,7.2,2.62,17283.41,4082860.25,New Michelleville
70863.36,6.63,6.83,2.9,52124.11,4625588.18,Lake Christinaport
62090.12,4.4,6.96,4.22,37761.77,3704717.24,South Anthony
83484.39,6.23,5.6,6.29,55244.5,4615504.54,South Anthony
49286.99,6.17,7.14,2.4,25913.72,3449767.83,Port Adamtown
59828.26,4.72,6.16,3.93,34980.8,3414988.42,South Anthony
76673.94,5.47,8.48,3.93,22549.26,4204956.56,Lake Christinaport
86253.31,6.63,5.67,4.83,32738.87,4229575.06,New Michelleville
71389.88,5.85,6.88,2.53,32524.95,4013416.37,South Anthony
55533.68,5.33,8.17,4.14,51254.49,4133919.11,North Jasonville
67292.18,6.07,5.82,5.45,45872.44,3980981.34,Port Adamtown
48940.34,5.44,6.3,4.43,27959.67,3224551.54,New Michelleville
71953.44,4.65,6.72,3.21,28028.28,3779047.84,New Michelleville
65579.95,5.36,7.67,4.4,47997.6,4132673.49,New Deniseton
58540.02,6.2,5.26,4.7,13585.51,3457272.43,South Anthony
76621.75,6.32,5.73,5.29,23476.06,4043119.46,Jenniferstad
68417.15,7.67,8.23,3.03,17403.3,4178372.76,Lake Christinaport
76830.16,4.45,6.97,3.31,25604.28,3931148.46,North Jasonville
49117.43,6.19,6.95,2.0,23619.21,3372070.05,New Michelleville
75463.81,5.38,9.5,4.68,39824.5,4359431.76,New Michelleville
77594.39,4.25,6.86,2.0,44197.64,4136502.78,Lake Kathleen
54242.87,6.94,7.99,2.84,42888.38,4205299.37,Port Adamtown
72801.38,4.24,9.07,4.7,26950.86,3965986.67,Lake Christinaport
68962.54,6.85,6.89,2.57,34608.1,4284894.99,New Michelleville
68298.99,6.95,5.34,2.9,48408.3,4301549.71,Jenniferstad
79553.38,6.82,6.34,5.01,38020.18,4425870.68,New Deniseton
74569.93,5.73,7.71,3.53,37323.91,4290785.13,Jenniferstad
63877.42,8.57,6.44,2.43,33148.83,4328961.25,Rebeccaville
77276.32,6.3,7.91,5.47,48360.05,4596032.54,Lake Christinaport
44985.83,5.44,8.87,4.46,37005.28,3523032.09,Rebeccaville
60369.74,6.16,7.68,5.92,28044.19,3877095.5,Lake Christinaport
66990.1,5.9,6.89,5.51,39910.37,4006144.97,Lake Kathleen
76195.53,7.94,6.15,4.84,48822.54,4651933.37,North Jasonville
60268.44,7.36,6.38,2.42,30026.14,4027795.15,Lake Kathleen
72462.9,4.52,7.48,4.88,43260.28,4186005.67,New Deniseton
80393.04,4.01,5.0,5.47,43133.84,3864286.49,Port Adamtown
52044.67,5.47,7.42,3.22,48478.39,4044367.79,North Jasonville
58830.59,6.79,8.28,4.5,36716.6,4095265.06,New Deniseton
67169.29,5.69,7.43,4.74,49395.84,4331058.75,Port Adamtown
77624.17,7.25,5.75,5.58,50756.96,4645003.9,New Deniseton
85575.39,5.02,6.63,4.45,34693.35,4133549.7,East Lucas
60642.52,5.7,7.17,4.7,42765.1,4003674.59,South Anthony
71008.8,5.46,7.64,4.95,22526.66,3935185.87,New Michelleville
60698.47,6.34,7.01,2.0,36121.88,3892071.53,New Michelleville
85659.36,6.54,8.46,2.0,35303.47,4517243.99,Jenniferstad
67674.04,8.56,6.7,3.97,43767.36,4412012.04,New Deniseton
54338.91,6.58,5.5,3.21,36017.27,3605154.78,Lake Kathleen
65148.56,7.1,6.1,3.91,34359.35,3904386.43,New Michelleville
78341.79,6.84,7.53,3.7,42390.05,4631087.0,Lake Christinaport
74898.44,5.39,8.28,2.0,32438.25,4262356.07,Jenniferstad
63314.44,6.04,7.59,2.0,35125.39,3869626.83,Port Adamtown
53566.72,5.4,5.83,3.47,38432.51,3501043.78,Jenniferstad
65262.76,6.88,7.56,4.24,30579.08,3949878.91,New Deniseton
54733.5,5.7,8.15,3.95,43333.92,4017985.69,South Anthony
81320.38,6.59,8.34,5.05,26501.18,4489200.06,North Jasonville
84273.73,4.34,6.54,5.6,30904.63,3897888.26,Lake Kathleen
73801.23,7.22,5.02,3.04,53528.89,4432569.33,New Deniseton
64477.7,6.57,6.69,2.56,59771.38,4357087.93,Jenniferstad
59380.9,4.98,7.32,5.92,35415.51,3759147.91,Lake Christinaport
76612.22,5.41,7.21,4.49,22462.46,3990567.05,Rebeccaville
71791.49,6.18,7.69,2.47,35708.36,4276609.29,New Deniseton
78583.39,6.11,7.91,5.15,20213.9,4172119.53,South Anthony
45653.16,7.24,6.4,5.2,29200.21,3496665.52,Jenniferstad
73017.86,5.99,6.7,3.21,33271.6,4186790.33,New Deniseton
85959.02,5.7,7.6,3.95,41586.49,4500444.36,Lake Christinaport
73986.35,6.61,6.7,4.93,35801.99,4209596.77,Port Adamtown
62225.58,4.43,5.12,6.66,22079.67,3277449.88,South Anthony
79244.74,8.05,7.02,4.49,28209.43,4498836.44,Lake Christinaport
63716.21,6.18,8.55,2.43,36415.35,4274641.01,Lake Kathleen
66314.04,4.43,7.0,3.4,51528.06,3968905.45,South Anthony
89744.16,6.91,8.21,4.78,31874.14,4748350.58,New Deniseton
68157.03,7.09,7.14,6.19,21562.27,4174773.68,New Deniseton
63682.95,4.19,8.42,6.86,33389.16,3803487.99,Port Adamtown
55469.63,5.55,6.87,3.32,30389.47,3589833.32,South Anthony
61788.95,6.4,6.53,3.54,35585.52,3969962.58,Rebeccaville
68770.32,4.38,8.03,4.22,39451.53,3831347.54,Jenniferstad
80067.86,6.96,6.96,4.25,37729.52,4629689.11,North Jasonville
57493.52,5.64,7.83,4.9,49399.21,4103099.25,New Michelleville
72716.22,5.23,5.99,4.1,50419.23,4075784.58,New Deniseton
70287.63,6.32,7.25,2.0,35531.71,4205196.49,Lake Kathleen
64358.72,9.9,5.94,3.48,33113.0,4418309.03,Port Adamtown
64425.36,4.67,6.13,4.84,54239.4,3989621.06,New Deniseton
77999.44,4.72,5.95,4.9,48048.82,4141926.84,Rebeccaville
65178.88,7.04,7.81,3.57,32747.23,4190076.36,Rebeccaville
59705.87,5.76,7.52,3.31,32512.66,3771483.12,East Lucas
70293.44,5.73,8.1,5.06,44073.12,4232189.22,East Lucas
85680.86,6.93,6.57,4.28,43251.51,4631966.45,Rebeccaville
54776.33,5.75,5.74,4.38,38903.23,3840211.45,Lake Kathleen
50398.66,6.69,6.66,4.8,16026.22,3536396.62,Rebeccaville
76985.02,5.19,6.76,2.01,37023.3,4077739.3,Lake Christinaport
63315.41,5.67,6.36,4.6,46469.41,3879618.54,Port Adamtown
64782.5,6.19,7.32,5.21,44459.59,4261967.85,Rebeccaville
66080.24,5.34,8.39,2.73,42304.89,4082200.08,Lake Kathleen
67295.73,7.45,8.07,4.68,39836.2,4335654.7,Jenniferstad
74879.23,5.57,6.24,2.0,36628.94,3991372.05,New Michelleville
70200.29,5.76,6.45,2.27,30898.17,3776818.27,East Lucas
81825.39,4.85,9.26,4.39,35474.21,4460924.38,Lake Christinaport
63711.04,6.65,6.79,5.15,34036.14,4091057.13,Port Adamtown
82066.44,6.33,7.07,4.41,40651.23,4643201.74,South Anthony
57863.03,6.54,7.1,5.06,33114.06,3918275.14,Lake Christinaport
50880.33,6.65,8.02,2.89,45320.65,4116017.88,Port Adamtown
59502.7,5.89,6.88,2.0,42693.88,3870463.69,Jenniferstad
59423.21,5.66,6.47,2.37,29053.34,3696116.68,Port Adamtown
52804.46,6.21,7.0,4.16,51740.45,4130040.82,Lake Kathleen
68803.98,7.23,6.93,5.22,33266.27,4277246.34,New Deniseton
67852.14,7.13,6.06,5.1,31346.21,4306666.77,Lake Christinaport
80383.69,4.69,8.78,3.46,41584.64,4306226.68,New Michelleville
63338.02,6.75,5.9,4.2,32002.21,3903106.94,Lake Christinaport
64826.05,6.3,7.18,3.75,48574.74,4410601.22,South Anthony
84464.63,5.89,8.76,5.28,17277.57,4268637.28,South Anthony
50405.25,6.7,6.08,4.62,27049.32,3571851.46,Rebeccaville
81547.7,6.42,6.99,5.05,18809.23,4311338.43,Lake Christinaport
64022.37,6.33,8.18,4.35,38311.94,4237281.59,Port Adamtown
57085.48,5.24,7.33,5.02,42128.11,3883450.42,Jenniferstad
79216.76,3.7,5.26,3.31,45179.84,3771929.33,Lake Kathleen
64600.56,7.98,7.65,5.13,45639.25,4336602.19,Jenniferstad
66366.9,5.46,9.24,3.63,32917.15,4082874.2,Jenniferstad
83761.27,5.73,7.14,6.18,27265.59,3972045.3,Rebeccaville
83861.22,8.2,8.01,3.9,30434.78,4769802.53,Lake Kathleen
75298.89,4.14,4.97,3.48,45936.31,3881794.01,East Lucas
73279.92,6.77,8.37,2.05,24718.14,4295104.08,East Lucas
73905.23,6.38,4.82,2.0,40900.08,3930245.08,Lake Kathleen
79763.26,5.17,6.59,3.93,41302.39,4210627.66,North Jasonville
70240.19,5.4,6.22,3.61,52173.52,4193863.99,New Deniseton
50369.3,5.0,6.63,6.68,25018.91,3226641.6,Jenniferstad
74696.03,4.43,6.35,3.59,29521.61,3686204.3,Port Adamtown
85456.63,6.08,7.14,3.72,49423.86,4652096.15,North Jasonville
64431.57,6.2,7.42,3.34,31047.66,3750212.53,Jenniferstad
82759.61,7.29,8.43,3.46,41172.63,4721438.62,Port Adamtown
79186.53,6.33,7.42,4.16,33313.47,4377601.87,North Jasonville
65702.2,7.77,6.32,3.04,28462.07,4179582.81,Port Adamtown
60788.83,6.08,7.54,2.0,34214.32,4037206.36,Jenniferstad
66193.94,6.93,6.72,6.11,21992.05,3823594.32,Lake Christinaport
55339.24,6.77,5.42,3.01,25592.9,3546610.82,Lake Kathleen
72211.63,7.55,7.1,3.28,38064.74,4409842.57,New Michelleville
68555.25,5.63,8.67,4.58,42978.87,4273374.91,Lake Christinaport
53042.31,5.5,7.59,2.0,46859.88,3800572.28,New Deniseton
71319.47,4.76,7.39,2.0,39749.81,4007212.2,South Anthony
78174.47,5.41,5.76,3.63,39288.63,4016674.19,Port Adamtown
67163.35,6.05,7.35,5.24,54087.07,4447973.27,South Anthony
54665.61,7.23,5.95,2.98,48004.97,4011710.45,South Anthony
80293.88,5.72,6.4,2.71,41984.75,4252219.27,East Lucas
72627.57,5.84,6.79,4.27,45960.0,4214489.42,Rebeccaville
68183.25,5.07,7.11,5.02,36250.29,3996209.56,Lake Kathleen
80275.37,4.33,6.67,2.71,17050.25,3689607.38,Lake Kathleen
76930.82,6.1,7.36,3.18,40331.36,4325011.01,South Anthony
75058.9,7.24,10.21,3.14,19526.15,4550203.97,South Anthony
87535.83,5.28,6.48,4.72,35918.73,4496176.6,New Michelleville
70986.14,8.29,5.47,3.58,59842.81,4552604.58,East Lucas
45104.49,7.0,6.36,3.88,34559.56,3625303.1,South Anthony
74542.42,6.19,5.24,4.2,20923.83,3721810.44,East Lucas
68115.15,7.52,7.85,5.14,38455.71,4462956.0,Rebeccaville
71103.01,5.2,6.68,2.9,27486.86,3797756.18,East Lucas
82189.86,6.76,7.39,4.77,37773.56,4647506.62,Port Adamtown
76281.58,5.47,6.97,2.41,27939.79,3908350.63,Rebeccaville
68472.01,5.37,7.08,3.9,40766.79,4168569.23,South Anthony
69636.98,6.36,6.33,2.54,44654.7,4163351.2,East Lucas
70251.58,4.76,6.49,4.04,32596.6,3902128.01,New Deniseton
79493.06,7.23,6.1,4.84,27462.24,4096090.73,South Anthony
83322.97,6.83,6.8,5.27,53729.99,4718163.95,East Lucas
52826.02,5.71,5.35,3.69,27522.18,3235539.99,Jenniferstad
57744.07,6.58,7.32,5.33,43105.61,3984270.81,South Anthony
66429.64,6.92,7.01,5.78,13845.62,3829427.47,New Michelleville
55053.36,5.65,7.61,3.54,42704.37,4121823.34,Rebeccaville
87154.76,6.43,8.09,4.65,42232.39,4701121.22,Lake Christinaport
80052.67,6.37,7.29,2.41,55989.63,4683642.01,New Michelleville
81239.29,6.19,7.04,3.16,28698.46,4315854.82,Lake Christinaport
70366.72,6.94,8.96,7.0,50399.46,4696667.4,Rebeccaville
77523.5,4.94,7.02,3.86,29945.5,3803015.31,Lake Kathleen
47435.43,6.68,6.89,3.36,30810.02,3575280.48,Lake Kathleen
87097.41,6.84,8.44,2.17,26331.04,4630024.73,East Lucas
41432.3,4.3,6.76,4.14,45807.0,3397472.63,North Jasonville
73662.11,6.8,7.58,2.0,47176.27,4557300.58,Jenniferstad
67436.91,6.08,6.88,4.22,46522.33,4188710.61,Rebeccaville
68125.01,7.25,6.67,4.04,37002.61,4331173.61,Lake Kathleen
76396.71,6.95,6.66,3.33,23282.03,4191557.54,Port Adamtown
69072.42,5.49,8.57,3.87,42101.91,4213484.36,Lake Christinaport
81637.83,7.62,8.97,4.28,27368.12,4543483.87,Jenniferstad
62569.02,6.94,5.67,2.77,41585.71,4013596.94,New Deniseton
60039.14,6.75,5.54,2.5,38324.16,3841097.5,Port Adamtown
61675.86,4.71,8.6,3.92,31875.12,3789334.49,East Lucas
60845.52,6.86,5.93,2.0,21287.32,3688526.31,East Lucas
64442.69,6.91,8.17,4.6,41811.37,4374336.89,New Deniseton
56014.02,6.62,6.09,3.4,27573.04,3699757.55,Port Adamtown
82526.83,7.33,5.59,7.0,16030.0,4090420.2,East Lucas
74690.44,5.65,6.98,3.77,59508.13,4351350.57,Lake Kathleen
71388.78,5.7,7.31,5.49,39791.33,4217865.99,Port Adamtown
62937.63,6.88,7.26,5.04,36751.16,4143020.06,Jenniferstad
84841.76,6.51,7.73,4.99,24706.32,4547204.74,Lake Christinaport
67795.47,6.16,7.83,5.03,45164.27,4433462.48,East Lucas
55451.0,6.73,7.2,2.74,34018.84,3976482.27,South Anthony
55778.89,6.39,6.57,3.2,32043.01,3865159.39,South Anthony
78599.9,6.92,7.69,3.06,51009.84,4781638.8,New Michelleville
84264.74,6.14,7.04,2.0,45112.41,4553742.55,Jenniferstad
59815.94,6.2,7.12,6.19,47093.89,4147364.49,Port Adamtown
75970.79,7.36,6.01,3.67,31956.3,4154403.67,North Jasonville
85271.67,4.84,5.71,4.93,25179.09,3912425.52,Port Adamtown
73989.12,5.46,7.97,4.87,36043.56,4252527.25,Jenniferstad
80906.19,5.87,5.35,3.77,35012.68,4171451.8,North Jasonville
56556.13,6.0,7.63,3.19,40534.59,3865525.68,Rebeccaville
74604.52,5.37,7.27,3.16,32212.45,4142814.11,South Anthony
75253.31,5.79,6.29,3.51,42251.63,4213737.7,South Anthony
69390.59,4.42,6.61,5.85,29757.48,3687231.43,South Anthony
52466.8,7.83,4.93,4.57,27945.91,3551358.11,New Deniseton
80076.17,6.1,7.2,2.0,34229.11,4396673.52,North Jasonville
73379.03,4.82,6.53,4.59,34997.04,3865446.57,Jenniferstad
59762.81,5.65,8.75,4.75,24048.79,3680866.83,Rebeccaville
77114.5,5.54,6.44,4.19,39920.08,4164550.97,Port Adamtown
69984.76,6.5,5.63,5.69,26177.99,3757810.38,New Michelleville
54717.45,5.35,5.82,3.06,25928.94,3542727.49,New Michelleville
50258.23,7.91,5.44,3.9,32943.23,3809243.87,New Deniseton
80386.67,5.07,6.15,3.81,35335.86,4147314.49,New Michelleville
87637.99,5.82,7.13,4.25,23955.46,4414829.33,East Lucas
58527.55,6.32,5.82,3.49,39687.32,3725769.4,Lake Kathleen
60971.82,6.24,5.82,4.45,20083.21,3580389.46,North Jasonville
66047.26,7.37,7.16,3.53,21028.51,4060119.29,Lake Kathleen
75447.34,5.59,6.96,3.14,31900.44,4245396.76,South Anthony
76813.51,7.04,6.82,5.63,20864.66,4021848.31,Lake Kathleen
97660.49,7.38,7.25,3.92,46169.9,5040450.04,Port Adamtown
73998.56,5.9,6.49,4.63,49271.61,4213537.95,Port Adamtown
77827.44,5.62,6.63,3.97,46845.86,4291965.09,Jenniferstad
51931.84,6.04,5.15,4.77,31212.04,3316178.52,Port Adamtown
41003.45,5.4,7.02,2.5,24590.05,3317931.14,Port Adamtown
59656.36,5.19,7.47,2.62,28278.78,3777203.68,Rebeccaville
42544.27,5.39,8.8,2.85,28382.49,3490585.55,New Deniseton
76622.36,5.6,4.66,3.57,27922.39,3709859.65,New Deniseton
84095.66,5.2,8.95,3.66,35348.36,4486666.79,North Jasonville
71332.05,5.51,5.76,5.75,42809.28,3942131.71,East Lucas
58034.57,5.06,5.69,2.64,42749.62,3709224.38,Port Adamtown
58955.78,5.27,7.65,3.86,26339.42,3709182.13,North Jasonville
79581.45,6.14,7.36,3.5,37213.28,4460314.94,Lake Christinaport
82582.03,4.98,4.75,3.82,28242.1,3624727.29,Rebeccaville
80962.29,4.87,8.08,4.53,36176.83,4439286.06,North Jasonville
53056.61,6.63,7.29,4.95,35116.37,3856192.56,North Jasonville
62373.78,6.63,4.34,4.0,34574.16,3648517.15,New Deniseton
61148.36,5.76,7.59,6.39,18085.84,3535762.52,East Lucas
83932.85,6.29,5.79,5.56,24899.42,4295100.56,East Lucas
76405.52,5.89,8.37,3.67,27175.05,4262399.83,South Anthony
54237.1,6.08,8.4,5.11,25104.08,3918244.44,South Anthony
85941.23,4.1,7.3,3.31,19564.59,3916202.13,Port Adamtown
61228.08,5.55,6.04,3.32,42301.13,3919788.24,Jenniferstad
62287.43,5.56,6.35,3.09,55965.06,4112931.3,Jenniferstad
70491.29,6.68,6.12,2.87,27736.85,4102499.5,Lake Kathleen
62772.16,3.67,7.01,4.13,35302.32,3483512.48,Port Adamtown
55016.77,5.27,7.78,2.0,42161.92,3934386.63,Lake Christinaport
84869.84,4.41,6.53,4.52,37519.82,4098327.18,Lake Christinaport
76056.51,8.09,6.03,5.23,15609.79,4164175.37,Port Adamtown
62276.74,4.6,6.12,4.9,50064.65,3825886.9,New Deniseton
87452.64,7.99,6.4,5.24,36852.28,4863022.21,Rebeccaville
71393.35,6.11,6.16,4.38,36277.86,4080712.36,Port Adamtown
60139.95,7.33,7.25,4.11,24346.49,3879596.43,South Anthony
53078.96,5.51,7.0,2.09,31043.65,3577907.31,Port Adamtown
61712.99,7.52,6.03,2.0,32249.63,4032830.42,New Michelleville
60438.72,6.09,6.5,3.99,28891.62,3710420.85,South Anthony
74578.01,6.05,8.71,4.24,25161.37,4182984.5,New Michelleville
60063.69,5.9,6.02,6.55,51907.05,4038334.29,Lake Kathleen
56328.88,6.54,7.76,5.66,32485.87,3927572.1,South Anthony
75442.86,6.15,6.78,4.04,41115.35,4306300.8,South Anthony
57390.66,5.39,5.81,2.94,33719.47,3626160.36,Rebeccaville
58876.23,4.79,6.71,2.0,34456.06,3705031.73,Jenniferstad
76987.22,6.07,7.12,4.84,40234.93,4162179.46,New Deniseton
57885.05,5.18,5.51,4.83,52121.66,3511977.64,Port Adamtown
65481.66,5.67,6.62,4.16,52843.29,4086638.69,North Jasonville
79256.36,6.37,4.83,5.84,36128.48,3967601.04,North Jasonville
87560.9,6.78,7.15,2.0,34954.54,4683577.09,Lake Christinaport
61330.01,7.44,6.18,2.08,33699.41,4147817.91,Port Adamtown
75815.09,6.28,5.83,3.87,32566.83,4145364.73,Rebeccaville
64359.19,4.69,5.81,2.7,43156.25,3768826.7,North Jasonville
66161.08,4.74,7.44,2.71,35883.52,3777451.61,New Michelleville
50776.55,7.09,6.5,2.38,34948.11,3875412.9,New Michelleville
81476.66,8.22,7.78,2.0,44181.38,4928558.87,Lake Christinaport
69557.54,6.63,5.29,3.49,32250.3,4029320.97,Rebeccaville
57651.83,5.65,7.49,2.7,31546.66,3748305.51,New Michelleville
65140.6,4.33,5.59,3.47,25161.05,3394416.42,Port Adamtown
95933.78,5.72,6.91,5.56,51950.66,4720157.45,North Jasonville
76371.9,6.42,7.36,5.07,39944.76,4518866.49,East Lucas
62316.27,6.59,8.27,2.54,34821.19,3950947.75,New Deniseton
79748.36,3.58,6.66,2.05,54124.19,3968305.39,Port Adamtown
59955.41,6.9,8.34,4.52,25274.76,4059427.91,East Lucas
77451.79,6.36,6.1,4.73,46414.25,4244754.81,New Deniseton
78343.55,7.06,8.1,4.54,27504.04,4556270.06,Lake Kathleen
69986.52,5.92,8.03,2.54,25579.12,4139317.22,East Lucas
65718.48,5.05,7.4,3.05,38487.59,4037335.79,New Michelleville
90119.07,6.81,6.4,2.0,51052.27,4730211.86,North Jasonville
53664.62,5.33,6.47,3.33,35494.74,3577009.54,Lake Christinaport
85319.06,6.3,6.64,5.98,43258.57,4520309.65,Rebeccaville
50963.25,6.26,6.6,2.0,39393.28,3656299.37,Jenniferstad
68972.11,5.37,7.02,2.0,21732.61,3738697.45,New Deniseton
66701.15,7.4,6.22,4.29,29746.33,3983404.45,East Lucas
81998.61,4.76,6.2,4.59,34016.59,3770427.19,Jenniferstad
54522.76,5.74,6.04,2.92,47676.89,3868402.32,South Anthony
65287.74,5.65,6.57,3.4,29156.02,3722120.05,North Jasonville
50089.27,5.86,7.63,4.9,25565.5,3660838.28,Port Adamtown
62113.79,4.12,7.71,3.05,46508.5,3879792.78,New Michelleville
68379.8,4.36,5.64,4.43,37891.82,3460734.33,Lake Kathleen
70608.09,4.89,7.27,4.48,47648.73,4114614.08,North Jasonville
84609.02,7.33,7.26,2.0,47950.11,4967208.38,South Anthony
55289.57,5.52,5.84,3.83,45395.89,3643779.44,New Michelleville
66714.42,5.5,7.3,5.98,36601.08,4008559.14,New Deniseton
86763.21,7.02,6.86,2.5,34962.03,4391242.77,New Deniseton
52785.03,7.7,6.48,3.49,53352.81,4300012.85,Jenniferstad
55612.78,5.89,6.68,3.13,39653.97,3786713.16,Jenniferstad
60898.72,5.65,8.07,6.58,21509.78,3845838.17,New Michelleville
74432.83,7.09,6.79,4.39,33032.82,4382415.14,Lake Christinaport
64767.42,8.02,5.99,3.2,30938.13,4004467.81,South Anthony
80140.48,5.89,7.09,3.25,34530.38,4497221.96,South Anthony
71496.46,4.92,5.97,5.23,32017.58,3841131.99,Jenniferstad
55130.84,5.22,6.57,5.71,50244.1,3816037.44,Lake Kathleen
68536.71,6.08,7.83,2.0,43325.87,4253432.52,North Jasonville
58196.49,6.15,5.84,7.0,26889.42,3675927.06,North Jasonville
56700.95,5.89,9.24,4.27,25532.41,3969882.83,Rebeccaville
78383.28,5.21,7.64,5.76,48338.55,4492563.72,North Jasonville
77085.15,4.24,6.34,5.75,37618.21,3875235.81,New Michelleville
70717.55,5.61,7.08,5.61,38541.64,4051341.36,Rebeccaville
70254.06,5.22,6.12,3.72,29644.86,3650451.51,South Anthony
79070.9,6.59,6.22,4.07,32175.97,4249515.64,East Lucas
72985.6,5.4,5.4,4.37,40886.16,3879036.48,New Michelleville
88149.11,7.05,6.81,4.8,21477.75,4468493.22,Lake Kathleen
60404.31,5.85,5.59,4.8,47041.69,3823344.86,Lake Christinaport
72960.61,6.35,8.06,4.14,44352.63,4509105.24,New Deniseton
72097.33,5.84,6.88,4.23,40422.56,4030490.07,East Lucas
58675.99,5.25,6.41,5.12,28099.0,3610948.01,South Anthony
73960.65,6.39,6.2,5.41,41669.55,4318900.88,New Deniseton
65361.39,6.61,6.92,3.6,28223.88,3954710.81,Port Adamtown
68077.05,7.01,7.31,3.12,38072.38,4363227.96,Port Adamtown
72387.86,6.91,7.08,3.35,31977.52,4263633.59,Port Adamtown
66884.97,5.97,5.64,6.07,44068.73,4032440.1,East Lucas
68884.59,4.77,6.73,3.64,39993.9,4152510.67,New Deniseton
51984.5,5.94,7.89,4.22,41617.02,3811584.69,New Michelleville
74266.84,5.7,8.22,4.67,36181.72,4355891.8,East Lucas
57885.33,6.61,6.17,3.97,34559.81,3693128.01,Port Adamtown
67430.1,6.64,7.32,4.57,24763.7,3945461.48,Rebeccaville
58093.05,4.88,6.14,3.99,27399.45,3532824.91,Rebeccaville
51631.52,7.46,8.87,2.4,26333.15,3986347.06,Jenniferstad
79023.11,6.51,7.39,4.24,53498.31,4720789.86,Port Adamtown
104265.52,5.56,7.12,5.8,18828.32,4517999.55,North Jasonville
66960.41,5.64,7.2,3.85,22006.16,3854825.54,South Anthony
80262.3,5.59,8.0,3.97,47262.56,4421189.33,Rebeccaville
73137.52,5.08,6.42,2.51,34625.61,3903115.32,New Michelleville
68080.22,5.88,8.38,3.61,22901.6,3973179.42,East Lucas
85315.67,6.52,7.02,3.07,52787.11,4656356.92,Port Adamtown
68689.56,5.53,7.04,5.57,39926.39,4062758.45,North Jasonville
79466.53,5.93,7.34,4.13,39876.71,4334852.86,New Michelleville
89417.98,6.03,6.38,4.59,39586.39,4675933.14,East Lucas
60640.94,6.77,8.72,3.1,26917.68,3848391.83,South Anthony
84601.41,6.98,9.16,6.53,34895.57,4876598.14,North Jasonville
55027.29,6.11,6.61,2.94,48189.09,4017362.33,Port Adamtown
